-- MySQL dump 10.13  Distrib 5.7.27, for Linux (x86_64)
--
-- Host: localhost    Database: flights
-- ------------------------------------------------------
-- Server version	5.7.27

/*!40101 SET @OLD_CHARACTER_SET_CLIENT=@@CHARACTER_SET_CLIENT */;
/*!40101 SET @OLD_CHARACTER_SET_RESULTS=@@CHARACTER_SET_RESULTS */;
/*!40101 SET @OLD_COLLATION_CONNECTION=@@COLLATION_CONNECTION */;
/*!40101 SET NAMES utf8 */;
/*!40103 SET @OLD_TIME_ZONE=@@TIME_ZONE */;
/*!40103 SET TIME_ZONE='+00:00' */;
/*!40014 SET @OLD_UNIQUE_CHECKS=@@UNIQUE_CHECKS, UNIQUE_CHECKS=0 */;
/*!40014 SET @OLD_FOREIGN_KEY_CHECKS=@@FOREIGN_KEY_CHECKS, FOREIGN_KEY_CHECKS=0 */;
/*!40101 SET @OLD_SQL_MODE=@@SQL_MODE, SQL_MODE='NO_AUTO_VALUE_ON_ZERO' */;
/*!40111 SET @OLD_SQL_NOTES=@@SQL_NOTES, SQL_NOTES=0 */;

--
-- Table structure for table `Booking`
--

DROP TABLE IF EXISTS `Booking`;
/*!40101 SET @saved_cs_client     = @@character_set_client */;
/*!40101 SET character_set_client = utf8 */;
CREATE TABLE `Booking` (
  `id` int(11) NOT NULL AUTO_INCREMENT,
  `Passenger_id` int(11) NOT NULL,
  `Flight_id` int(11) NOT NULL,
  PRIMARY KEY (`id`),
  KEY `fk_Booking_Flight1_idx` (`Flight_id`),
  KEY `fk_Booking_Passenger_idx` (`Passenger_id`),
  CONSTRAINT `fk_Booking_Flight1` FOREIGN KEY (`Flight_id`) REFERENCES `Flight` (`id`) ON DELETE CASCADE ON UPDATE NO ACTION,
  CONSTRAINT `fk_Booking_Passenger` FOREIGN KEY (`Passenger_id`) REFERENCES `Passenger` (`id`) ON DELETE CASCADE ON UPDATE NO ACTION
) ENGINE=InnoDB DEFAULT CHARSET=latin1;
/*!40101 SET character_set_client = @saved_cs_client */;
INSERT INTO `Booking` (`id`, `Passenger_id`, `Flight_id`) VALUES
(1, 441, 473),
(2, 99, 669),
(3, 766, 533),
(4, 843, 592),
(5, 28, 350),
(6, 233, 152),
(7, 475, 126),
(8, 482, 667),
(9, 205, 964),
(10, 184, 883),
(11, 593, 631),
(12, 131, 340),
(13, 194, 337),
(14, 664, 1),
(15, 957, 626),
(16, 43, 576),
(17, 431, 933),
(18, 486, 158),
(19, 397, 626),
(20, 567, 810),
(21, 37, 803),
(22, 370, 456),
(23, 947, 992),
(24, 163, 418),
(25, 618, 817),
(26, 69, 400),
(27, 295, 215),
(28, 287, 794),
(29, 721, 367),
(30, 136, 723),
(31, 421, 241),
(32, 633, 887),
(33, 81, 217),
(34, 271, 434),
(35, 511, 533),
(36, 835, 49),
(37, 496, 246),
(38, 635, 80),
(39, 505, 892),
(40, 57, 829),
(41, 444, 594),
(42, 186, 966),
(43, 230, 108),
(44, 412, 884),
(45, 787, 962),
(46, 372, 222),
(47, 593, 680),
(48, 298, 58),
(49, 876, 767),
(50, 62, 778),
(51, 734, 56),
(52, 216, 767),
(53, 792, 695),
(54, 848, 27),
(55, 603, 59),
(56, 903, 581),
(57, 266, 33),
(58, 964, 260),
(59, 498, 11),
(60, 58, 435),
(61, 817, 440),
(62, 10, 847),
(63, 454, 694),
(64, 365, 318),
(65, 543, 191),
(66, 708, 745),
(67, 277, 934),
(68, 65, 844),
(69, 756, 350),
(70, 579, 57),
(71, 396, 338),
(72, 719, 45),
(73, 313, 704),
(74, 248, 651),
(75, 785, 393),
(76, 611, 59),
(77, 739, 115),
(78, 713, 990),
(79, 795, 582),
(80, 914, 808),
(81, 593, 356),
(82, 918, 702),
(83, 702, 490),
(84, 843, 474),
(85, 985, 379),
(86, 591, 380),
(87, 999, 826),
(88, 391, 832),
(89, 687, 945),
(90, 974, 232),
(91, 62, 881),
(92, 634, 271),
(93, 677, 681),
(94, 236, 89),
(95, 840, 101),
(96, 390, 612),
(97, 401, 757),
(98, 54, 407),
(99, 278, 912),
(100, 678, 741),
(101, 713, 672),
(102, 761, 319),
(103, 761, 506),
(104, 710, 812),
(105, 677, 728),
(106, 305, 320),
(107, 540, 714),
(108, 355, 899),
(109, 682, 532),
(110, 410, 535),
(111, 924, 125),
(112, 364, 777),
(113, 351, 613),
(114, 105, 378),
(115, 579, 354),
(116, 631, 689),
(117, 659, 475),
(118, 905, 104),
(119, 743, 964),
(120, 962, 645),
(121, 664, 834),
(122, 369, 734),
(123, 555, 452),
(124, 914, 911),
(125, 232, 172),
(126, 887, 634),
(127, 872, 271),
(128, 141, 881),
(129, 969, 954),
(130, 203, 666),
(131, 266, 605),
(132, 184, 818),
(133, 868, 576),
(134, 989, 902),
(135, 474, 582),
(136, 23, 743),
(137, 622, 814),
(138, 817, 878),
(139, 491, 424),
(140, 457, 216),
(141, 5, 71),
(142, 724, 643),
(143, 584, 462),
(144, 944, 890),
(145, 713, 788),
(146, 366, 70),
(147, 51, 897),
(148, 346, 363),
(149, 465, 199),
(150, 873, 241),
(151, 316, 782),
(152, 424, 323),
(153, 419, 922),
(154, 767, 2),
(155, 507, 586),
(156, 112, 722),
(157, 15, 586),
(158, 10, 130),
(159, 179, 964),
(160, 751, 828),
(161, 115, 246),
(162, 653, 680),
(163, 385, 898),
(164, 335, 136),
(165, 554, 303),
(166, 565, 597),
(167, 506, 436),
(168, 100, 361),
(169, 529, 670),
(170, 711, 312),
(171, 986, 5),
(172, 144, 353),
(173, 840, 1),
(174, 461, 699),
(175, 374, 875),
(176, 9, 859),
(177, 819, 685),
(178, 721, 548),
(179, 647, 298),
(180, 632, 738),
(181, 346, 212),
(182, 671, 403),
(183, 756, 333),
(184, 332, 786),
(185, 268, 69),
(186, 544, 54),
(187, 988, 421),
(188, 182, 957),
(189, 46, 946),
(190, 215, 203),
(191, 172, 211),
(192, 515, 835),
(193, 292, 463),
(194, 261, 735),
(195, 93, 976),
(196, 466, 149),
(197, 599, 800),
(198, 479, 619),
(199, 7, 256),
(200, 470, 378),
(201, 897, 387),
(202, 942, 88),
(203, 592, 36),
(204, 577, 972),
(205, 150, 682),
(206, 363, 235),
(207, 771, 142),
(208, 369, 871),
(209, 626, 293),
(210, 568, 807),
(211, 528, 532),
(212, 242, 182),
(213, 824, 583),
(214, 62, 871),
(215, 182, 564),
(216, 878, 477),
(217, 605, 456),
(218, 346, 32),
(219, 327, 21),
(220, 676, 462),
(221, 12, 371),
(222, 796, 578),
(223, 847, 612),
(224, 989, 248),
(225, 35, 218),
(226, 141, 270),
(227, 939, 514),
(228, 685, 923),
(229, 2, 270),
(230, 787, 52),
(231, 758, 111),
(232, 740, 649),
(233, 28, 69),
(234, 445, 322),
(235, 62, 221),
(236, 299, 719),
(237, 603, 216),
(238, 779, 735),
(239, 806, 183),
(240, 907, 633),
(241, 768, 480),
(242, 444, 73),
(243, 155, 830),
(244, 975, 979),
(245, 346, 716),
(246, 127, 514),
(247, 851, 978),
(248, 406, 943),
(249, 512, 27),
(250, 345, 633),
(251, 161, 23),
(252, 793, 971),
(253, 245, 576),
(254, 185, 7),
(255, 890, 529),
(256, 177, 894),
(257, 728, 607),
(258, 322, 68),
(259, 373, 490),
(260, 426, 21),
(261, 726, 143),
(262, 793, 374),
(263, 58, 649),
(264, 306, 423),
(265, 236, 677),
(266, 718, 342),
(267, 622, 73),
(268, 308, 103),
(269, 801, 657),
(270, 532, 640),
(271, 2, 681),
(272, 284, 781),
(273, 74, 760),
(274, 529, 934),
(275, 504, 692),
(276, 796, 464),
(277, 501, 449),
(278, 429, 759),
(279, 25, 593),
(280, 934, 746),
(281, 764, 959),
(282, 496, 119),
(283, 25, 771),
(284, 116, 406),
(285, 388, 252),
(286, 358, 691),
(287, 211, 799),
(288, 470, 455),
(289, 483, 361),
(290, 467, 717),
(291, 316, 856),
(292, 648, 631),
(293, 649, 411),
(294, 974, 812),
(295, 172, 875),
(296, 384, 31),
(297, 536, 298),
(298, 390, 873),
(299, 214, 502),
(300, 562, 962),
(301, 203, 829),
(302, 497, 456),
(303, 253, 479),
(304, 869, 118),
(305, 748, 156),
(306, 418, 140),
(307, 916, 198),
(308, 244, 918),
(309, 945, 847),
(310, 487, 759),
(311, 630, 473),
(312, 878, 789),
(313, 469, 255),
(314, 438, 861),
(315, 438, 320),
(316, 913, 136),
(317, 22, 849),
(318, 184, 328),
(319, 893, 155),
(320, 997, 324),
(321, 674, 615),
(322, 234, 553),
(323, 281, 270),
(324, 82, 596),
(325, 752, 743),
(326, 971, 528),
(327, 178, 195),
(328, 279, 374),
(329, 608, 310),
(330, 85, 63),
(331, 498, 544),
(332, 532, 273),
(333, 997, 937),
(334, 119, 65),
(335, 346, 399),
(336, 65, 784),
(337, 302, 307),
(338, 668, 950),
(339, 817, 957),
(340, 944, 212),
(341, 547, 995),
(342, 279, 820),
(343, 399, 794),
(344, 118, 216),
(345, 792, 827),
(346, 156, 151),
(347, 783, 582),
(348, 708, 151),
(349, 841, 410),
(350, 431, 764),
(351, 256, 810),
(352, 788, 297),
(353, 31, 567),
(354, 630, 188),
(355, 231, 53),
(356, 295, 704),
(357, 574, 377),
(358, 27, 189),
(359, 589, 831),
(360, 182, 300),
(361, 703, 563),
(362, 482, 817),
(363, 950, 157),
(364, 819, 958),
(365, 214, 157),
(366, 969, 554),
(367, 682, 569),
(368, 975, 166),
(369, 786, 668),
(370, 36, 531),
(371, 551, 496),
(372, 837, 824),
(373, 655, 579),
(374, 904, 535),
(375, 943, 47),
(376, 405, 765),
(377, 469, 329),
(378, 346, 891),
(379, 892, 157),
(380, 886, 50),
(381, 461, 839),
(382, 233, 421),
(383, 589, 880),
(384, 568, 497),
(385, 11, 610),
(386, 199, 169),
(387, 457, 361),
(388, 850, 25),
(389, 510, 248),
(390, 11, 403),
(391, 533, 431),
(392, 44, 423),
(393, 310, 597),
(394, 393, 659),
(395, 24, 637),
(396, 321, 895),
(397, 42, 147),
(398, 562, 392),
(399, 193, 539),
(400, 59, 782),
(401, 530, 228),
(402, 722, 262),
(403, 649, 307),
(404, 720, 643),
(405, 449, 481),
(406, 904, 603),
(407, 720, 326),
(408, 83, 621),
(409, 378, 100),
(410, 375, 458),
(411, 58, 389),
(412, 851, 441),
(413, 219, 867),
(414, 100, 187),
(415, 466, 427),
(416, 538, 186),
(417, 853, 543),
(418, 693, 793),
(419, 971, 129),
(420, 430, 720),
(421, 62, 331),
(422, 672, 905),
(423, 484, 448),
(424, 293, 379),
(425, 700, 207),
(426, 742, 309),
(427, 7, 158),
(428, 721, 143),
(429, 244, 256),
(430, 594, 242),
(431, 380, 342),
(432, 68, 101),
(433, 882, 825),
(434, 786, 449),
(435, 611, 518),
(436, 685, 825),
(437, 699, 414),
(438, 519, 409),
(439, 570, 805),
(440, 879, 403),
(441, 360, 559),
(442, 363, 449),
(443, 897, 245),
(444, 95, 583),
(445, 4, 368),
(446, 552, 650),
(447, 893, 478),
(448, 10, 490),
(449, 450, 759),
(450, 29, 666),
(451, 999, 831),
(452, 791, 597),
(453, 546, 223),
(454, 418, 818),
(455, 577, 416),
(456, 64, 963),
(457, 672, 416),
(458, 58, 487),
(459, 356, 190),
(460, 39, 926),
(461, 703, 163),
(462, 226, 523),
(463, 390, 910),
(464, 790, 963),
(465, 581, 825),
(466, 961, 701),
(467, 882, 761),
(468, 360, 238),
(469, 83, 211),
(470, 498, 936),
(471, 917, 240),
(472, 589, 999),
(473, 131, 598),
(474, 343, 84),
(475, 423, 666),
(476, 507, 477),
(477, 111, 490),
(478, 358, 32),
(479, 853, 354),
(480, 313, 872),
(481, 225, 548),
(482, 684, 70),
(483, 832, 121),
(484, 980, 65),
(485, 977, 382),
(486, 414, 892),
(487, 576, 263),
(488, 122, 867),
(489, 513, 83),
(490, 313, 388),
(491, 114, 772),
(492, 820, 513),
(493, 109, 212),
(494, 261, 474),
(495, 186, 601),
(496, 903, 540),
(497, 616, 360),
(498, 300, 268),
(499, 638, 184),
(500, 672, 464),
(501, 14, 591),
(502, 748, 498),
(503, 709, 401),
(504, 323, 762),
(505, 853, 791),
(506, 541, 386),
(507, 433, 965),
(508, 292, 542),
(509, 24, 245),
(510, 22, 127),
(511, 243, 312),
(512, 510, 760),
(513, 443, 786),
(514, 485, 706),
(515, 30, 152),
(516, 374, 908),
(517, 622, 822),
(518, 54, 172),
(519, 427, 132),
(520, 217, 286),
(521, 849, 363),
(522, 342, 169),
(523, 134, 570),
(524, 432, 218),
(525, 982, 269),
(526, 993, 41),
(527, 481, 606),
(528, 421, 666),
(529, 792, 136),
(530, 108, 510),
(531, 898, 991),
(532, 220, 296),
(533, 6, 16),
(534, 702, 225),
(535, 179, 181),
(536, 215, 477),
(537, 690, 360),
(538, 14, 307),
(539, 243, 982),
(540, 380, 924),
(541, 222, 838),
(542, 594, 816),
(543, 690, 421),
(544, 698, 583),
(545, 694, 567),
(546, 791, 770),
(547, 176, 797),
(548, 729, 623),
(549, 646, 367),
(550, 693, 772),
(551, 186, 297),
(552, 864, 610),
(553, 780, 983),
(554, 826, 464),
(555, 925, 85),
(556, 244, 120),
(557, 660, 381),
(558, 667, 63),
(559, 974, 307),
(560, 765, 494),
(561, 943, 737),
(562, 292, 21),
(563, 340, 818),
(564, 186, 653),
(565, 314, 486),
(566, 485, 130),
(567, 618, 324),
(568, 706, 446),
(569, 599, 92),
(570, 989, 724),
(571, 620, 949),
(572, 530, 323),
(573, 914, 706),
(574, 145, 449),
(575, 147, 934),
(576, 89, 804),
(577, 815, 93),
(578, 54, 440),
(579, 62, 112),
(580, 216, 709),
(581, 951, 52),
(582, 555, 164),
(583, 952, 443),
(584, 996, 509),
(585, 982, 169),
(586, 653, 663),
(587, 288, 503),
(588, 153, 718),
(589, 637, 332),
(590, 910, 706),
(591, 930, 447),
(592, 814, 911),
(593, 730, 456),
(594, 525, 904),
(595, 51, 158),
(596, 574, 221),
(597, 503, 369),
(598, 20, 16),
(599, 841, 506),
(600, 1, 586),
(601, 177, 406),
(602, 852, 108),
(603, 110, 306),
(604, 109, 1000),
(605, 96, 290),
(606, 524, 636),
(607, 485, 445),
(608, 435, 615),
(609, 656, 372),
(610, 251, 908),
(611, 398, 121),
(612, 847, 797),
(613, 336, 894),
(614, 960, 299),
(615, 498, 977),
(616, 167, 435),
(617, 91, 359),
(618, 460, 275),
(619, 74, 668),
(620, 584, 933),
(621, 38, 241),
(622, 349, 634),
(623, 401, 801),
(624, 714, 288),
(625, 91, 442),
(626, 876, 892),
(627, 351, 476),
(628, 678, 936),
(629, 763, 566),
(630, 944, 393),
(631, 901, 793),
(632, 343, 698),
(633, 198, 86),
(634, 228, 250),
(635, 185, 493),
(636, 471, 140),
(637, 76, 960),
(638, 813, 751),
(639, 75, 488),
(640, 104, 302),
(641, 928, 733),
(642, 474, 13),
(643, 382, 848),
(644, 45, 668),
(645, 289, 793),
(646, 896, 902),
(647, 331, 888),
(648, 837, 386),
(649, 318, 140),
(650, 798, 387),
(651, 821, 531),
(652, 486, 352),
(653, 347, 752),
(654, 374, 746),
(655, 29, 723),
(656, 556, 718),
(657, 401, 39),
(658, 727, 508),
(659, 587, 143),
(660, 247, 146),
(661, 258, 295),
(662, 912, 12),
(663, 996, 778),
(664, 294, 260),
(665, 501, 113),
(666, 156, 37),
(667, 883, 499),
(668, 487, 160),
(669, 461, 950),
(670, 269, 542),
(671, 193, 522),
(672, 840, 478),
(673, 734, 797),
(674, 916, 151),
(675, 523, 686),
(676, 914, 693),
(677, 349, 379),
(678, 328, 751),
(679, 266, 142),
(680, 985, 75),
(681, 995, 591),
(682, 682, 7),
(683, 970, 610),
(684, 388, 292),
(685, 362, 306),
(686, 789, 661),
(687, 910, 532),
(688, 246, 303),
(689, 265, 130),
(690, 381, 450),
(691, 153, 620),
(692, 40, 825),
(693, 60, 649),
(694, 155, 260),
(695, 757, 102),
(696, 703, 290),
(697, 492, 80),
(698, 732, 617),
(699, 805, 545),
(700, 655, 773),
(701, 92, 259),
(702, 252, 347),
(703, 407, 916),
(704, 684, 453),
(705, 242, 812),
(706, 957, 630),
(707, 180, 599),
(708, 628, 437),
(709, 929, 474),
(710, 610, 764),
(711, 707, 191),
(712, 22, 62),
(713, 231, 845),
(714, 781, 994),
(715, 850, 646),
(716, 878, 408),
(717, 695, 511),
(718, 336, 263),
(719, 919, 328),
(720, 656, 436),
(721, 305, 752),
(722, 495, 183),
(723, 36, 956),
(724, 936, 299),
(725, 743, 835),
(726, 876, 331),
(727, 993, 941),
(728, 819, 111),
(729, 763, 63),
(730, 619, 233),
(731, 632, 456),
(732, 773, 806),
(733, 308, 529),
(734, 310, 516),
(735, 147, 615),
(736, 419, 277),
(737, 300, 502),
(738, 301, 31),
(739, 325, 882),
(740, 764, 752),
(741, 73, 900),
(742, 294, 98),
(743, 557, 720),
(744, 200, 644),
(745, 32, 382),
(746, 428, 884),
(747, 441, 938),
(748, 563, 882),
(749, 435, 67),
(750, 435, 394),
(751, 780, 877),
(752, 616, 334),
(753, 893, 712),
(754, 11, 614),
(755, 21, 383),
(756, 334, 946),
(757, 52, 18),
(758, 261, 841),
(759, 553, 53),
(760, 665, 655),
(761, 459, 419),
(762, 607, 305),
(763, 208, 838),
(764, 972, 234),
(765, 510, 944),
(766, 447, 121),
(767, 125, 594),
(768, 898, 441),
(769, 809, 757),
(770, 306, 523),
(771, 9, 719),
(772, 968, 681),
(773, 875, 917),
(774, 559, 66),
(775, 440, 749),
(776, 290, 237),
(777, 182, 759),
(778, 34, 749),
(779, 307, 202),
(780, 710, 712),
(781, 200, 40),
(782, 746, 236),
(783, 503, 65),
(784, 90, 830),
(785, 130, 251),
(786, 854, 184),
(787, 414, 884),
(788, 388, 322),
(789, 482, 979),
(790, 626, 219),
(791, 245, 665),
(792, 381, 766),
(793, 843, 867),
(794, 680, 30),
(795, 902, 511),
(796, 290, 719),
(797, 947, 181),
(798, 130, 21),
(799, 660, 159),
(800, 413, 706),
(801, 40, 11),
(802, 608, 302),
(803, 731, 164),
(804, 531, 539),
(805, 722, 439),
(806, 909, 584),
(807, 269, 718),
(808, 18, 247),
(809, 93, 926),
(810, 32, 969),
(811, 531, 749),
(812, 325, 984),
(813, 300, 219),
(814, 287, 169),
(815, 47, 125),
(816, 109, 440),
(817, 536, 612),
(818, 628, 560),
(819, 392, 589),
(820, 440, 333),
(821, 483, 802),
(822, 101, 383),
(823, 225, 832),
(824, 847, 298),
(825, 575, 518),
(826, 504, 383),
(827, 216, 742),
(828, 553, 333),
(829, 577, 989),
(830, 500, 38),
(831, 587, 628),
(832, 218, 184),
(833, 755, 968),
(834, 799, 11),
(835, 549, 63),
(836, 759, 545),
(837, 738, 975),
(838, 975, 616),
(839, 618, 286),
(840, 929, 601),
(841, 634, 86),
(842, 333, 557),
(843, 39, 265),
(844, 947, 126),
(845, 181, 827),
(846, 36, 993),
(847, 505, 256),
(848, 569, 717),
(849, 390, 408),
(850, 875, 469),
(851, 847, 850),
(852, 304, 60),
(853, 464, 528),
(854, 441, 803),
(855, 446, 872),
(856, 358, 711),
(857, 410, 295),
(858, 762, 635),
(859, 945, 575),
(860, 789, 27),
(861, 857, 723),
(862, 683, 507),
(863, 884, 194),
(864, 276, 161),
(865, 694, 93),
(866, 400, 300),
(867, 467, 74),
(868, 727, 685),
(869, 735, 120),
(870, 447, 68),
(871, 318, 54),
(872, 963, 643),
(873, 847, 834),
(874, 462, 313),
(875, 539, 51),
(876, 376, 525),
(877, 256, 607),
(878, 565, 402),
(879, 187, 307),
(880, 375, 442),
(881, 736, 577),
(882, 862, 521),
(883, 445, 854),
(884, 131, 505),
(885, 791, 811),
(886, 143, 214),
(887, 96, 903),
(888, 896, 326),
(889, 636, 967),
(890, 730, 389),
(891, 250, 65),
(892, 392, 766),
(893, 496, 422),
(894, 69, 166),
(895, 114, 993),
(896, 16, 628),
(897, 698, 866),
(898, 10, 880),
(899, 707, 185),
(900, 652, 848),
(901, 680, 433),
(902, 797, 90),
(903, 229, 438),
(904, 396, 158),
(905, 30, 297),
(906, 536, 533),
(907, 275, 677),
(908, 430, 240),
(909, 163, 304),
(910, 773, 895),
(911, 42, 1000),
(912, 963, 615),
(913, 131, 984),
(914, 549, 473),
(915, 91, 868),
(916, 417, 790),
(917, 456, 203),
(918, 295, 283),
(919, 231, 77),
(920, 374, 279),
(921, 478, 898),
(922, 892, 59),
(923, 65, 790),
(924, 795, 497),
(925, 432, 302),
(926, 905, 796),
(927, 196, 594),
(928, 192, 232),
(929, 614, 136),
(930, 90, 399),
(931, 968, 923),
(932, 841, 770),
(933, 444, 909),
(934, 157, 256),
(935, 146, 911),
(936, 9, 293),
(937, 746, 567),
(938, 501, 773),
(939, 199, 706),
(940, 235, 551),
(941, 467, 732),
(942, 625, 865),
(943, 768, 79),
(944, 425, 915),
(945, 589, 23),
(946, 965, 438),
(947, 696, 688),
(948, 133, 322),
(949, 259, 663),
(950, 683, 262),
(951, 612, 999),
(952, 855, 175),
(953, 427, 871),
(954, 260, 269),
(955, 313, 637),
(956, 344, 569),
(957, 339, 180),
(958, 500, 376),
(959, 373, 957),
(960, 855, 154),
(961, 756, 698),
(962, 800, 846),
(963, 185, 671),
(964, 175, 261),
(965, 534, 902),
(966, 952, 841),
(967, 13, 371),
(968, 346, 259),
(969, 503, 301),
(970, 409, 44),
(971, 897, 24),
(972, 441, 845),
(973, 663, 713),
(974, 491, 879),
(975, 335, 41),
(976, 921, 47),
(977, 578, 207),
(978, 878, 650),
(979, 683, 377),
(980, 776, 107),
(981, 820, 704),
(982, 464, 630),
(983, 735, 904),
(984, 863, 426),
(985, 281, 308),
(986, 576, 357),
(987, 821, 148),
(988, 125, 618),
(989, 332, 130),
(990, 667, 129),
(991, 481, 634),
(992, 241, 779),
(993, 564, 52),
(994, 351, 667),
(995, 162, 55),
(996, 148, 547),
(997, 592, 774),
(998, 766, 166),
(999, 33, 697),
(1000, 359, 39);

--
-- Dumping data for table `Booking`
--

LOCK TABLES `Booking` WRITE;
/*!40000 ALTER TABLE `Booking` DISABLE KEYS */;
/*!40000 ALTER TABLE `Booking` ENABLE KEYS */;
UNLOCK TABLES;

--
-- Table structure for table `Flight`
--

DROP TABLE IF EXISTS `Flight`;
/*!40101 SET @saved_cs_client     = @@character_set_client */;
/*!40101 SET character_set_client = utf8 */;
CREATE TABLE `Flight` (
  `id` int(11) NOT NULL AUTO_INCREMENT,
  `start` varchar(255) NOT NULL,
  `end` varchar(255) NOT NULL,
  `time` varchar(255) NOT NULL,
  PRIMARY KEY (`id`)
) ENGINE=InnoDB DEFAULT CHARSET=latin1;
/*!40101 SET character_set_client = @saved_cs_client */;
INSERT INTO `Flight` (`id`, `start`, `end`, `time`) VALUES
(1, 'start1', 'end1', 'time1'),
(2, 'start2', 'end2', 'time2'),
(3, 'start3', 'end3', 'time3'),
(4, 'start4', 'end4', 'time4'),
(5, 'start5', 'end5', 'time5'),
(6, 'start6', 'end6', 'time6'),
(7, 'start7', 'end7', 'time7'),
(8, 'start8', 'end8', 'time8'),
(9, 'start9', 'end9', 'time9'),
(10, 'start10', 'end10', 'time10'),
(11, 'start11', 'end11', 'time11'),
(12, 'start12', 'end12', 'time12'),
(13, 'start13', 'end13', 'time13'),
(14, 'start14', 'end14', 'time14'),
(15, 'start15', 'end15', 'time15'),
(16, 'start16', 'end16', 'time16'),
(17, 'start17', 'end17', 'time17'),
(18, 'start18', 'end18', 'time18'),
(19, 'start19', 'end19', 'time19'),
(20, 'start20', 'end20', 'time20'),
(21, 'start21', 'end21', 'time21'),
(22, 'start22', 'end22', 'time22'),
(23, 'start23', 'end23', 'time23'),
(24, 'start24', 'end24', 'time24'),
(25, 'start25', 'end25', 'time25'),
(26, 'start26', 'end26', 'time26'),
(27, 'start27', 'end27', 'time27'),
(28, 'start28', 'end28', 'time28'),
(29, 'start29', 'end29', 'time29'),
(30, 'start30', 'end30', 'time30'),
(31, 'start31', 'end31', 'time31'),
(32, 'start32', 'end32', 'time32'),
(33, 'start33', 'end33', 'time33'),
(34, 'start34', 'end34', 'time34'),
(35, 'start35', 'end35', 'time35'),
(36, 'start36', 'end36', 'time36'),
(37, 'start37', 'end37', 'time37'),
(38, 'start38', 'end38', 'time38'),
(39, 'start39', 'end39', 'time39'),
(40, 'start40', 'end40', 'time40'),
(41, 'start41', 'end41', 'time41'),
(42, 'start42', 'end42', 'time42'),
(43, 'start43', 'end43', 'time43'),
(44, 'start44', 'end44', 'time44'),
(45, 'start45', 'end45', 'time45'),
(46, 'start46', 'end46', 'time46'),
(47, 'start47', 'end47', 'time47'),
(48, 'start48', 'end48', 'time48'),
(49, 'start49', 'end49', 'time49'),
(50, 'start50', 'end50', 'time50'),
(51, 'start51', 'end51', 'time51'),
(52, 'start52', 'end52', 'time52'),
(53, 'start53', 'end53', 'time53'),
(54, 'start54', 'end54', 'time54'),
(55, 'start55', 'end55', 'time55'),
(56, 'start56', 'end56', 'time56'),
(57, 'start57', 'end57', 'time57'),
(58, 'start58', 'end58', 'time58'),
(59, 'start59', 'end59', 'time59'),
(60, 'start60', 'end60', 'time60'),
(61, 'start61', 'end61', 'time61'),
(62, 'start62', 'end62', 'time62'),
(63, 'start63', 'end63', 'time63'),
(64, 'start64', 'end64', 'time64'),
(65, 'start65', 'end65', 'time65'),
(66, 'start66', 'end66', 'time66'),
(67, 'start67', 'end67', 'time67'),
(68, 'start68', 'end68', 'time68'),
(69, 'start69', 'end69', 'time69'),
(70, 'start70', 'end70', 'time70'),
(71, 'start71', 'end71', 'time71'),
(72, 'start72', 'end72', 'time72'),
(73, 'start73', 'end73', 'time73'),
(74, 'start74', 'end74', 'time74'),
(75, 'start75', 'end75', 'time75'),
(76, 'start76', 'end76', 'time76'),
(77, 'start77', 'end77', 'time77'),
(78, 'start78', 'end78', 'time78'),
(79, 'start79', 'end79', 'time79'),
(80, 'start80', 'end80', 'time80'),
(81, 'start81', 'end81', 'time81'),
(82, 'start82', 'end82', 'time82'),
(83, 'start83', 'end83', 'time83'),
(84, 'start84', 'end84', 'time84'),
(85, 'start85', 'end85', 'time85'),
(86, 'start86', 'end86', 'time86'),
(87, 'start87', 'end87', 'time87'),
(88, 'start88', 'end88', 'time88'),
(89, 'start89', 'end89', 'time89'),
(90, 'start90', 'end90', 'time90'),
(91, 'start91', 'end91', 'time91'),
(92, 'start92', 'end92', 'time92'),
(93, 'start93', 'end93', 'time93'),
(94, 'start94', 'end94', 'time94'),
(95, 'start95', 'end95', 'time95'),
(96, 'start96', 'end96', 'time96'),
(97, 'start97', 'end97', 'time97'),
(98, 'start98', 'end98', 'time98'),
(99, 'start99', 'end99', 'time99'),
(100, 'start100', 'end100', 'time100'),
(101, 'start101', 'end101', 'time101'),
(102, 'start102', 'end102', 'time102'),
(103, 'start103', 'end103', 'time103'),
(104, 'start104', 'end104', 'time104'),
(105, 'start105', 'end105', 'time105'),
(106, 'start106', 'end106', 'time106'),
(107, 'start107', 'end107', 'time107'),
(108, 'start108', 'end108', 'time108'),
(109, 'start109', 'end109', 'time109'),
(110, 'start110', 'end110', 'time110'),
(111, 'start111', 'end111', 'time111'),
(112, 'start112', 'end112', 'time112'),
(113, 'start113', 'end113', 'time113'),
(114, 'start114', 'end114', 'time114'),
(115, 'start115', 'end115', 'time115'),
(116, 'start116', 'end116', 'time116'),
(117, 'start117', 'end117', 'time117'),
(118, 'start118', 'end118', 'time118'),
(119, 'start119', 'end119', 'time119'),
(120, 'start120', 'end120', 'time120'),
(121, 'start121', 'end121', 'time121'),
(122, 'start122', 'end122', 'time122'),
(123, 'start123', 'end123', 'time123'),
(124, 'start124', 'end124', 'time124'),
(125, 'start125', 'end125', 'time125'),
(126, 'start126', 'end126', 'time126'),
(127, 'start127', 'end127', 'time127'),
(128, 'start128', 'end128', 'time128'),
(129, 'start129', 'end129', 'time129'),
(130, 'start130', 'end130', 'time130'),
(131, 'start131', 'end131', 'time131'),
(132, 'start132', 'end132', 'time132'),
(133, 'start133', 'end133', 'time133'),
(134, 'start134', 'end134', 'time134'),
(135, 'start135', 'end135', 'time135'),
(136, 'start136', 'end136', 'time136'),
(137, 'start137', 'end137', 'time137'),
(138, 'start138', 'end138', 'time138'),
(139, 'start139', 'end139', 'time139'),
(140, 'start140', 'end140', 'time140'),
(141, 'start141', 'end141', 'time141'),
(142, 'start142', 'end142', 'time142'),
(143, 'start143', 'end143', 'time143'),
(144, 'start144', 'end144', 'time144'),
(145, 'start145', 'end145', 'time145'),
(146, 'start146', 'end146', 'time146'),
(147, 'start147', 'end147', 'time147'),
(148, 'start148', 'end148', 'time148'),
(149, 'start149', 'end149', 'time149'),
(150, 'start150', 'end150', 'time150'),
(151, 'start151', 'end151', 'time151'),
(152, 'start152', 'end152', 'time152'),
(153, 'start153', 'end153', 'time153'),
(154, 'start154', 'end154', 'time154'),
(155, 'start155', 'end155', 'time155'),
(156, 'start156', 'end156', 'time156'),
(157, 'start157', 'end157', 'time157'),
(158, 'start158', 'end158', 'time158'),
(159, 'start159', 'end159', 'time159'),
(160, 'start160', 'end160', 'time160'),
(161, 'start161', 'end161', 'time161'),
(162, 'start162', 'end162', 'time162'),
(163, 'start163', 'end163', 'time163'),
(164, 'start164', 'end164', 'time164'),
(165, 'start165', 'end165', 'time165'),
(166, 'start166', 'end166', 'time166'),
(167, 'start167', 'end167', 'time167'),
(168, 'start168', 'end168', 'time168'),
(169, 'start169', 'end169', 'time169'),
(170, 'start170', 'end170', 'time170'),
(171, 'start171', 'end171', 'time171'),
(172, 'start172', 'end172', 'time172'),
(173, 'start173', 'end173', 'time173'),
(174, 'start174', 'end174', 'time174'),
(175, 'start175', 'end175', 'time175'),
(176, 'start176', 'end176', 'time176'),
(177, 'start177', 'end177', 'time177'),
(178, 'start178', 'end178', 'time178'),
(179, 'start179', 'end179', 'time179'),
(180, 'start180', 'end180', 'time180'),
(181, 'start181', 'end181', 'time181'),
(182, 'start182', 'end182', 'time182'),
(183, 'start183', 'end183', 'time183'),
(184, 'start184', 'end184', 'time184'),
(185, 'start185', 'end185', 'time185'),
(186, 'start186', 'end186', 'time186'),
(187, 'start187', 'end187', 'time187'),
(188, 'start188', 'end188', 'time188'),
(189, 'start189', 'end189', 'time189'),
(190, 'start190', 'end190', 'time190'),
(191, 'start191', 'end191', 'time191'),
(192, 'start192', 'end192', 'time192'),
(193, 'start193', 'end193', 'time193'),
(194, 'start194', 'end194', 'time194'),
(195, 'start195', 'end195', 'time195'),
(196, 'start196', 'end196', 'time196'),
(197, 'start197', 'end197', 'time197'),
(198, 'start198', 'end198', 'time198'),
(199, 'start199', 'end199', 'time199'),
(200, 'start200', 'end200', 'time200'),
(201, 'start201', 'end201', 'time201'),
(202, 'start202', 'end202', 'time202'),
(203, 'start203', 'end203', 'time203'),
(204, 'start204', 'end204', 'time204'),
(205, 'start205', 'end205', 'time205'),
(206, 'start206', 'end206', 'time206'),
(207, 'start207', 'end207', 'time207'),
(208, 'start208', 'end208', 'time208'),
(209, 'start209', 'end209', 'time209'),
(210, 'start210', 'end210', 'time210'),
(211, 'start211', 'end211', 'time211'),
(212, 'start212', 'end212', 'time212'),
(213, 'start213', 'end213', 'time213'),
(214, 'start214', 'end214', 'time214'),
(215, 'start215', 'end215', 'time215'),
(216, 'start216', 'end216', 'time216'),
(217, 'start217', 'end217', 'time217'),
(218, 'start218', 'end218', 'time218'),
(219, 'start219', 'end219', 'time219'),
(220, 'start220', 'end220', 'time220'),
(221, 'start221', 'end221', 'time221'),
(222, 'start222', 'end222', 'time222'),
(223, 'start223', 'end223', 'time223'),
(224, 'start224', 'end224', 'time224'),
(225, 'start225', 'end225', 'time225'),
(226, 'start226', 'end226', 'time226'),
(227, 'start227', 'end227', 'time227'),
(228, 'start228', 'end228', 'time228'),
(229, 'start229', 'end229', 'time229'),
(230, 'start230', 'end230', 'time230'),
(231, 'start231', 'end231', 'time231'),
(232, 'start232', 'end232', 'time232'),
(233, 'start233', 'end233', 'time233'),
(234, 'start234', 'end234', 'time234'),
(235, 'start235', 'end235', 'time235'),
(236, 'start236', 'end236', 'time236'),
(237, 'start237', 'end237', 'time237'),
(238, 'start238', 'end238', 'time238'),
(239, 'start239', 'end239', 'time239'),
(240, 'start240', 'end240', 'time240'),
(241, 'start241', 'end241', 'time241'),
(242, 'start242', 'end242', 'time242'),
(243, 'start243', 'end243', 'time243'),
(244, 'start244', 'end244', 'time244'),
(245, 'start245', 'end245', 'time245'),
(246, 'start246', 'end246', 'time246'),
(247, 'start247', 'end247', 'time247'),
(248, 'start248', 'end248', 'time248'),
(249, 'start249', 'end249', 'time249'),
(250, 'start250', 'end250', 'time250'),
(251, 'start251', 'end251', 'time251'),
(252, 'start252', 'end252', 'time252'),
(253, 'start253', 'end253', 'time253'),
(254, 'start254', 'end254', 'time254'),
(255, 'start255', 'end255', 'time255'),
(256, 'start256', 'end256', 'time256'),
(257, 'start257', 'end257', 'time257'),
(258, 'start258', 'end258', 'time258'),
(259, 'start259', 'end259', 'time259'),
(260, 'start260', 'end260', 'time260'),
(261, 'start261', 'end261', 'time261'),
(262, 'start262', 'end262', 'time262'),
(263, 'start263', 'end263', 'time263'),
(264, 'start264', 'end264', 'time264'),
(265, 'start265', 'end265', 'time265'),
(266, 'start266', 'end266', 'time266'),
(267, 'start267', 'end267', 'time267'),
(268, 'start268', 'end268', 'time268'),
(269, 'start269', 'end269', 'time269'),
(270, 'start270', 'end270', 'time270'),
(271, 'start271', 'end271', 'time271'),
(272, 'start272', 'end272', 'time272'),
(273, 'start273', 'end273', 'time273'),
(274, 'start274', 'end274', 'time274'),
(275, 'start275', 'end275', 'time275'),
(276, 'start276', 'end276', 'time276'),
(277, 'start277', 'end277', 'time277'),
(278, 'start278', 'end278', 'time278'),
(279, 'start279', 'end279', 'time279'),
(280, 'start280', 'end280', 'time280'),
(281, 'start281', 'end281', 'time281'),
(282, 'start282', 'end282', 'time282'),
(283, 'start283', 'end283', 'time283'),
(284, 'start284', 'end284', 'time284'),
(285, 'start285', 'end285', 'time285'),
(286, 'start286', 'end286', 'time286'),
(287, 'start287', 'end287', 'time287'),
(288, 'start288', 'end288', 'time288'),
(289, 'start289', 'end289', 'time289'),
(290, 'start290', 'end290', 'time290'),
(291, 'start291', 'end291', 'time291'),
(292, 'start292', 'end292', 'time292'),
(293, 'start293', 'end293', 'time293'),
(294, 'start294', 'end294', 'time294'),
(295, 'start295', 'end295', 'time295'),
(296, 'start296', 'end296', 'time296'),
(297, 'start297', 'end297', 'time297'),
(298, 'start298', 'end298', 'time298'),
(299, 'start299', 'end299', 'time299'),
(300, 'start300', 'end300', 'time300'),
(301, 'start301', 'end301', 'time301'),
(302, 'start302', 'end302', 'time302'),
(303, 'start303', 'end303', 'time303'),
(304, 'start304', 'end304', 'time304'),
(305, 'start305', 'end305', 'time305'),
(306, 'start306', 'end306', 'time306'),
(307, 'start307', 'end307', 'time307'),
(308, 'start308', 'end308', 'time308'),
(309, 'start309', 'end309', 'time309'),
(310, 'start310', 'end310', 'time310'),
(311, 'start311', 'end311', 'time311'),
(312, 'start312', 'end312', 'time312'),
(313, 'start313', 'end313', 'time313'),
(314, 'start314', 'end314', 'time314'),
(315, 'start315', 'end315', 'time315'),
(316, 'start316', 'end316', 'time316'),
(317, 'start317', 'end317', 'time317'),
(318, 'start318', 'end318', 'time318'),
(319, 'start319', 'end319', 'time319'),
(320, 'start320', 'end320', 'time320'),
(321, 'start321', 'end321', 'time321'),
(322, 'start322', 'end322', 'time322'),
(323, 'start323', 'end323', 'time323'),
(324, 'start324', 'end324', 'time324'),
(325, 'start325', 'end325', 'time325'),
(326, 'start326', 'end326', 'time326'),
(327, 'start327', 'end327', 'time327'),
(328, 'start328', 'end328', 'time328'),
(329, 'start329', 'end329', 'time329'),
(330, 'start330', 'end330', 'time330'),
(331, 'start331', 'end331', 'time331'),
(332, 'start332', 'end332', 'time332'),
(333, 'start333', 'end333', 'time333'),
(334, 'start334', 'end334', 'time334'),
(335, 'start335', 'end335', 'time335'),
(336, 'start336', 'end336', 'time336'),
(337, 'start337', 'end337', 'time337'),
(338, 'start338', 'end338', 'time338'),
(339, 'start339', 'end339', 'time339'),
(340, 'start340', 'end340', 'time340'),
(341, 'start341', 'end341', 'time341'),
(342, 'start342', 'end342', 'time342'),
(343, 'start343', 'end343', 'time343'),
(344, 'start344', 'end344', 'time344'),
(345, 'start345', 'end345', 'time345'),
(346, 'start346', 'end346', 'time346'),
(347, 'start347', 'end347', 'time347'),
(348, 'start348', 'end348', 'time348'),
(349, 'start349', 'end349', 'time349'),
(350, 'start350', 'end350', 'time350'),
(351, 'start351', 'end351', 'time351'),
(352, 'start352', 'end352', 'time352'),
(353, 'start353', 'end353', 'time353'),
(354, 'start354', 'end354', 'time354'),
(355, 'start355', 'end355', 'time355'),
(356, 'start356', 'end356', 'time356'),
(357, 'start357', 'end357', 'time357'),
(358, 'start358', 'end358', 'time358'),
(359, 'start359', 'end359', 'time359'),
(360, 'start360', 'end360', 'time360'),
(361, 'start361', 'end361', 'time361'),
(362, 'start362', 'end362', 'time362'),
(363, 'start363', 'end363', 'time363'),
(364, 'start364', 'end364', 'time364'),
(365, 'start365', 'end365', 'time365'),
(366, 'start366', 'end366', 'time366'),
(367, 'start367', 'end367', 'time367'),
(368, 'start368', 'end368', 'time368'),
(369, 'start369', 'end369', 'time369'),
(370, 'start370', 'end370', 'time370'),
(371, 'start371', 'end371', 'time371'),
(372, 'start372', 'end372', 'time372'),
(373, 'start373', 'end373', 'time373'),
(374, 'start374', 'end374', 'time374'),
(375, 'start375', 'end375', 'time375'),
(376, 'start376', 'end376', 'time376'),
(377, 'start377', 'end377', 'time377'),
(378, 'start378', 'end378', 'time378'),
(379, 'start379', 'end379', 'time379'),
(380, 'start380', 'end380', 'time380'),
(381, 'start381', 'end381', 'time381'),
(382, 'start382', 'end382', 'time382'),
(383, 'start383', 'end383', 'time383'),
(384, 'start384', 'end384', 'time384'),
(385, 'start385', 'end385', 'time385'),
(386, 'start386', 'end386', 'time386'),
(387, 'start387', 'end387', 'time387'),
(388, 'start388', 'end388', 'time388'),
(389, 'start389', 'end389', 'time389'),
(390, 'start390', 'end390', 'time390'),
(391, 'start391', 'end391', 'time391'),
(392, 'start392', 'end392', 'time392'),
(393, 'start393', 'end393', 'time393'),
(394, 'start394', 'end394', 'time394'),
(395, 'start395', 'end395', 'time395'),
(396, 'start396', 'end396', 'time396'),
(397, 'start397', 'end397', 'time397'),
(398, 'start398', 'end398', 'time398'),
(399, 'start399', 'end399', 'time399'),
(400, 'start400', 'end400', 'time400'),
(401, 'start401', 'end401', 'time401'),
(402, 'start402', 'end402', 'time402'),
(403, 'start403', 'end403', 'time403'),
(404, 'start404', 'end404', 'time404'),
(405, 'start405', 'end405', 'time405'),
(406, 'start406', 'end406', 'time406'),
(407, 'start407', 'end407', 'time407'),
(408, 'start408', 'end408', 'time408'),
(409, 'start409', 'end409', 'time409'),
(410, 'start410', 'end410', 'time410'),
(411, 'start411', 'end411', 'time411'),
(412, 'start412', 'end412', 'time412'),
(413, 'start413', 'end413', 'time413'),
(414, 'start414', 'end414', 'time414'),
(415, 'start415', 'end415', 'time415'),
(416, 'start416', 'end416', 'time416'),
(417, 'start417', 'end417', 'time417'),
(418, 'start418', 'end418', 'time418'),
(419, 'start419', 'end419', 'time419'),
(420, 'start420', 'end420', 'time420'),
(421, 'start421', 'end421', 'time421'),
(422, 'start422', 'end422', 'time422'),
(423, 'start423', 'end423', 'time423'),
(424, 'start424', 'end424', 'time424'),
(425, 'start425', 'end425', 'time425'),
(426, 'start426', 'end426', 'time426'),
(427, 'start427', 'end427', 'time427'),
(428, 'start428', 'end428', 'time428'),
(429, 'start429', 'end429', 'time429'),
(430, 'start430', 'end430', 'time430'),
(431, 'start431', 'end431', 'time431'),
(432, 'start432', 'end432', 'time432'),
(433, 'start433', 'end433', 'time433'),
(434, 'start434', 'end434', 'time434'),
(435, 'start435', 'end435', 'time435'),
(436, 'start436', 'end436', 'time436'),
(437, 'start437', 'end437', 'time437'),
(438, 'start438', 'end438', 'time438'),
(439, 'start439', 'end439', 'time439'),
(440, 'start440', 'end440', 'time440'),
(441, 'start441', 'end441', 'time441'),
(442, 'start442', 'end442', 'time442'),
(443, 'start443', 'end443', 'time443'),
(444, 'start444', 'end444', 'time444'),
(445, 'start445', 'end445', 'time445'),
(446, 'start446', 'end446', 'time446'),
(447, 'start447', 'end447', 'time447'),
(448, 'start448', 'end448', 'time448'),
(449, 'start449', 'end449', 'time449'),
(450, 'start450', 'end450', 'time450'),
(451, 'start451', 'end451', 'time451'),
(452, 'start452', 'end452', 'time452'),
(453, 'start453', 'end453', 'time453'),
(454, 'start454', 'end454', 'time454'),
(455, 'start455', 'end455', 'time455'),
(456, 'start456', 'end456', 'time456'),
(457, 'start457', 'end457', 'time457'),
(458, 'start458', 'end458', 'time458'),
(459, 'start459', 'end459', 'time459'),
(460, 'start460', 'end460', 'time460'),
(461, 'start461', 'end461', 'time461'),
(462, 'start462', 'end462', 'time462'),
(463, 'start463', 'end463', 'time463'),
(464, 'start464', 'end464', 'time464'),
(465, 'start465', 'end465', 'time465'),
(466, 'start466', 'end466', 'time466'),
(467, 'start467', 'end467', 'time467'),
(468, 'start468', 'end468', 'time468'),
(469, 'start469', 'end469', 'time469'),
(470, 'start470', 'end470', 'time470'),
(471, 'start471', 'end471', 'time471'),
(472, 'start472', 'end472', 'time472'),
(473, 'start473', 'end473', 'time473'),
(474, 'start474', 'end474', 'time474'),
(475, 'start475', 'end475', 'time475'),
(476, 'start476', 'end476', 'time476'),
(477, 'start477', 'end477', 'time477'),
(478, 'start478', 'end478', 'time478'),
(479, 'start479', 'end479', 'time479'),
(480, 'start480', 'end480', 'time480'),
(481, 'start481', 'end481', 'time481'),
(482, 'start482', 'end482', 'time482'),
(483, 'start483', 'end483', 'time483'),
(484, 'start484', 'end484', 'time484'),
(485, 'start485', 'end485', 'time485'),
(486, 'start486', 'end486', 'time486'),
(487, 'start487', 'end487', 'time487'),
(488, 'start488', 'end488', 'time488'),
(489, 'start489', 'end489', 'time489'),
(490, 'start490', 'end490', 'time490'),
(491, 'start491', 'end491', 'time491'),
(492, 'start492', 'end492', 'time492'),
(493, 'start493', 'end493', 'time493'),
(494, 'start494', 'end494', 'time494'),
(495, 'start495', 'end495', 'time495'),
(496, 'start496', 'end496', 'time496'),
(497, 'start497', 'end497', 'time497'),
(498, 'start498', 'end498', 'time498'),
(499, 'start499', 'end499', 'time499'),
(500, 'start500', 'end500', 'time500'),
(501, 'start501', 'end501', 'time501'),
(502, 'start502', 'end502', 'time502'),
(503, 'start503', 'end503', 'time503'),
(504, 'start504', 'end504', 'time504'),
(505, 'start505', 'end505', 'time505'),
(506, 'start506', 'end506', 'time506'),
(507, 'start507', 'end507', 'time507'),
(508, 'start508', 'end508', 'time508'),
(509, 'start509', 'end509', 'time509'),
(510, 'start510', 'end510', 'time510'),
(511, 'start511', 'end511', 'time511'),
(512, 'start512', 'end512', 'time512'),
(513, 'start513', 'end513', 'time513'),
(514, 'start514', 'end514', 'time514'),
(515, 'start515', 'end515', 'time515'),
(516, 'start516', 'end516', 'time516'),
(517, 'start517', 'end517', 'time517'),
(518, 'start518', 'end518', 'time518'),
(519, 'start519', 'end519', 'time519'),
(520, 'start520', 'end520', 'time520'),
(521, 'start521', 'end521', 'time521'),
(522, 'start522', 'end522', 'time522'),
(523, 'start523', 'end523', 'time523'),
(524, 'start524', 'end524', 'time524'),
(525, 'start525', 'end525', 'time525'),
(526, 'start526', 'end526', 'time526'),
(527, 'start527', 'end527', 'time527'),
(528, 'start528', 'end528', 'time528'),
(529, 'start529', 'end529', 'time529'),
(530, 'start530', 'end530', 'time530'),
(531, 'start531', 'end531', 'time531'),
(532, 'start532', 'end532', 'time532'),
(533, 'start533', 'end533', 'time533'),
(534, 'start534', 'end534', 'time534'),
(535, 'start535', 'end535', 'time535'),
(536, 'start536', 'end536', 'time536'),
(537, 'start537', 'end537', 'time537'),
(538, 'start538', 'end538', 'time538'),
(539, 'start539', 'end539', 'time539'),
(540, 'start540', 'end540', 'time540'),
(541, 'start541', 'end541', 'time541'),
(542, 'start542', 'end542', 'time542'),
(543, 'start543', 'end543', 'time543'),
(544, 'start544', 'end544', 'time544'),
(545, 'start545', 'end545', 'time545'),
(546, 'start546', 'end546', 'time546'),
(547, 'start547', 'end547', 'time547'),
(548, 'start548', 'end548', 'time548'),
(549, 'start549', 'end549', 'time549'),
(550, 'start550', 'end550', 'time550'),
(551, 'start551', 'end551', 'time551'),
(552, 'start552', 'end552', 'time552'),
(553, 'start553', 'end553', 'time553'),
(554, 'start554', 'end554', 'time554'),
(555, 'start555', 'end555', 'time555'),
(556, 'start556', 'end556', 'time556'),
(557, 'start557', 'end557', 'time557'),
(558, 'start558', 'end558', 'time558'),
(559, 'start559', 'end559', 'time559'),
(560, 'start560', 'end560', 'time560'),
(561, 'start561', 'end561', 'time561'),
(562, 'start562', 'end562', 'time562'),
(563, 'start563', 'end563', 'time563'),
(564, 'start564', 'end564', 'time564'),
(565, 'start565', 'end565', 'time565'),
(566, 'start566', 'end566', 'time566'),
(567, 'start567', 'end567', 'time567'),
(568, 'start568', 'end568', 'time568'),
(569, 'start569', 'end569', 'time569'),
(570, 'start570', 'end570', 'time570'),
(571, 'start571', 'end571', 'time571'),
(572, 'start572', 'end572', 'time572'),
(573, 'start573', 'end573', 'time573'),
(574, 'start574', 'end574', 'time574'),
(575, 'start575', 'end575', 'time575'),
(576, 'start576', 'end576', 'time576'),
(577, 'start577', 'end577', 'time577'),
(578, 'start578', 'end578', 'time578'),
(579, 'start579', 'end579', 'time579'),
(580, 'start580', 'end580', 'time580'),
(581, 'start581', 'end581', 'time581'),
(582, 'start582', 'end582', 'time582'),
(583, 'start583', 'end583', 'time583'),
(584, 'start584', 'end584', 'time584'),
(585, 'start585', 'end585', 'time585'),
(586, 'start586', 'end586', 'time586'),
(587, 'start587', 'end587', 'time587'),
(588, 'start588', 'end588', 'time588'),
(589, 'start589', 'end589', 'time589'),
(590, 'start590', 'end590', 'time590'),
(591, 'start591', 'end591', 'time591'),
(592, 'start592', 'end592', 'time592'),
(593, 'start593', 'end593', 'time593'),
(594, 'start594', 'end594', 'time594'),
(595, 'start595', 'end595', 'time595'),
(596, 'start596', 'end596', 'time596'),
(597, 'start597', 'end597', 'time597'),
(598, 'start598', 'end598', 'time598'),
(599, 'start599', 'end599', 'time599'),
(600, 'start600', 'end600', 'time600'),
(601, 'start601', 'end601', 'time601'),
(602, 'start602', 'end602', 'time602'),
(603, 'start603', 'end603', 'time603'),
(604, 'start604', 'end604', 'time604'),
(605, 'start605', 'end605', 'time605'),
(606, 'start606', 'end606', 'time606'),
(607, 'start607', 'end607', 'time607'),
(608, 'start608', 'end608', 'time608'),
(609, 'start609', 'end609', 'time609'),
(610, 'start610', 'end610', 'time610'),
(611, 'start611', 'end611', 'time611'),
(612, 'start612', 'end612', 'time612'),
(613, 'start613', 'end613', 'time613'),
(614, 'start614', 'end614', 'time614'),
(615, 'start615', 'end615', 'time615'),
(616, 'start616', 'end616', 'time616'),
(617, 'start617', 'end617', 'time617'),
(618, 'start618', 'end618', 'time618'),
(619, 'start619', 'end619', 'time619'),
(620, 'start620', 'end620', 'time620'),
(621, 'start621', 'end621', 'time621'),
(622, 'start622', 'end622', 'time622'),
(623, 'start623', 'end623', 'time623'),
(624, 'start624', 'end624', 'time624'),
(625, 'start625', 'end625', 'time625'),
(626, 'start626', 'end626', 'time626'),
(627, 'start627', 'end627', 'time627'),
(628, 'start628', 'end628', 'time628'),
(629, 'start629', 'end629', 'time629'),
(630, 'start630', 'end630', 'time630'),
(631, 'start631', 'end631', 'time631'),
(632, 'start632', 'end632', 'time632'),
(633, 'start633', 'end633', 'time633'),
(634, 'start634', 'end634', 'time634'),
(635, 'start635', 'end635', 'time635'),
(636, 'start636', 'end636', 'time636'),
(637, 'start637', 'end637', 'time637'),
(638, 'start638', 'end638', 'time638'),
(639, 'start639', 'end639', 'time639'),
(640, 'start640', 'end640', 'time640'),
(641, 'start641', 'end641', 'time641'),
(642, 'start642', 'end642', 'time642'),
(643, 'start643', 'end643', 'time643'),
(644, 'start644', 'end644', 'time644'),
(645, 'start645', 'end645', 'time645'),
(646, 'start646', 'end646', 'time646'),
(647, 'start647', 'end647', 'time647'),
(648, 'start648', 'end648', 'time648'),
(649, 'start649', 'end649', 'time649'),
(650, 'start650', 'end650', 'time650'),
(651, 'start651', 'end651', 'time651'),
(652, 'start652', 'end652', 'time652'),
(653, 'start653', 'end653', 'time653'),
(654, 'start654', 'end654', 'time654'),
(655, 'start655', 'end655', 'time655'),
(656, 'start656', 'end656', 'time656'),
(657, 'start657', 'end657', 'time657'),
(658, 'start658', 'end658', 'time658'),
(659, 'start659', 'end659', 'time659'),
(660, 'start660', 'end660', 'time660'),
(661, 'start661', 'end661', 'time661'),
(662, 'start662', 'end662', 'time662'),
(663, 'start663', 'end663', 'time663'),
(664, 'start664', 'end664', 'time664'),
(665, 'start665', 'end665', 'time665'),
(666, 'start666', 'end666', 'time666'),
(667, 'start667', 'end667', 'time667'),
(668, 'start668', 'end668', 'time668'),
(669, 'start669', 'end669', 'time669'),
(670, 'start670', 'end670', 'time670'),
(671, 'start671', 'end671', 'time671'),
(672, 'start672', 'end672', 'time672'),
(673, 'start673', 'end673', 'time673'),
(674, 'start674', 'end674', 'time674'),
(675, 'start675', 'end675', 'time675'),
(676, 'start676', 'end676', 'time676'),
(677, 'start677', 'end677', 'time677'),
(678, 'start678', 'end678', 'time678'),
(679, 'start679', 'end679', 'time679'),
(680, 'start680', 'end680', 'time680'),
(681, 'start681', 'end681', 'time681'),
(682, 'start682', 'end682', 'time682'),
(683, 'start683', 'end683', 'time683'),
(684, 'start684', 'end684', 'time684'),
(685, 'start685', 'end685', 'time685'),
(686, 'start686', 'end686', 'time686'),
(687, 'start687', 'end687', 'time687'),
(688, 'start688', 'end688', 'time688'),
(689, 'start689', 'end689', 'time689'),
(690, 'start690', 'end690', 'time690'),
(691, 'start691', 'end691', 'time691'),
(692, 'start692', 'end692', 'time692'),
(693, 'start693', 'end693', 'time693'),
(694, 'start694', 'end694', 'time694'),
(695, 'start695', 'end695', 'time695'),
(696, 'start696', 'end696', 'time696'),
(697, 'start697', 'end697', 'time697'),
(698, 'start698', 'end698', 'time698'),
(699, 'start699', 'end699', 'time699'),
(700, 'start700', 'end700', 'time700'),
(701, 'start701', 'end701', 'time701'),
(702, 'start702', 'end702', 'time702'),
(703, 'start703', 'end703', 'time703'),
(704, 'start704', 'end704', 'time704'),
(705, 'start705', 'end705', 'time705'),
(706, 'start706', 'end706', 'time706'),
(707, 'start707', 'end707', 'time707'),
(708, 'start708', 'end708', 'time708'),
(709, 'start709', 'end709', 'time709'),
(710, 'start710', 'end710', 'time710'),
(711, 'start711', 'end711', 'time711'),
(712, 'start712', 'end712', 'time712'),
(713, 'start713', 'end713', 'time713'),
(714, 'start714', 'end714', 'time714'),
(715, 'start715', 'end715', 'time715'),
(716, 'start716', 'end716', 'time716'),
(717, 'start717', 'end717', 'time717'),
(718, 'start718', 'end718', 'time718'),
(719, 'start719', 'end719', 'time719'),
(720, 'start720', 'end720', 'time720'),
(721, 'start721', 'end721', 'time721'),
(722, 'start722', 'end722', 'time722'),
(723, 'start723', 'end723', 'time723'),
(724, 'start724', 'end724', 'time724'),
(725, 'start725', 'end725', 'time725'),
(726, 'start726', 'end726', 'time726'),
(727, 'start727', 'end727', 'time727'),
(728, 'start728', 'end728', 'time728'),
(729, 'start729', 'end729', 'time729'),
(730, 'start730', 'end730', 'time730'),
(731, 'start731', 'end731', 'time731'),
(732, 'start732', 'end732', 'time732'),
(733, 'start733', 'end733', 'time733'),
(734, 'start734', 'end734', 'time734'),
(735, 'start735', 'end735', 'time735'),
(736, 'start736', 'end736', 'time736'),
(737, 'start737', 'end737', 'time737'),
(738, 'start738', 'end738', 'time738'),
(739, 'start739', 'end739', 'time739'),
(740, 'start740', 'end740', 'time740'),
(741, 'start741', 'end741', 'time741'),
(742, 'start742', 'end742', 'time742'),
(743, 'start743', 'end743', 'time743'),
(744, 'start744', 'end744', 'time744'),
(745, 'start745', 'end745', 'time745'),
(746, 'start746', 'end746', 'time746'),
(747, 'start747', 'end747', 'time747'),
(748, 'start748', 'end748', 'time748'),
(749, 'start749', 'end749', 'time749'),
(750, 'start750', 'end750', 'time750'),
(751, 'start751', 'end751', 'time751'),
(752, 'start752', 'end752', 'time752'),
(753, 'start753', 'end753', 'time753'),
(754, 'start754', 'end754', 'time754'),
(755, 'start755', 'end755', 'time755'),
(756, 'start756', 'end756', 'time756'),
(757, 'start757', 'end757', 'time757'),
(758, 'start758', 'end758', 'time758'),
(759, 'start759', 'end759', 'time759'),
(760, 'start760', 'end760', 'time760'),
(761, 'start761', 'end761', 'time761'),
(762, 'start762', 'end762', 'time762'),
(763, 'start763', 'end763', 'time763'),
(764, 'start764', 'end764', 'time764'),
(765, 'start765', 'end765', 'time765'),
(766, 'start766', 'end766', 'time766'),
(767, 'start767', 'end767', 'time767'),
(768, 'start768', 'end768', 'time768'),
(769, 'start769', 'end769', 'time769'),
(770, 'start770', 'end770', 'time770'),
(771, 'start771', 'end771', 'time771'),
(772, 'start772', 'end772', 'time772'),
(773, 'start773', 'end773', 'time773'),
(774, 'start774', 'end774', 'time774'),
(775, 'start775', 'end775', 'time775'),
(776, 'start776', 'end776', 'time776'),
(777, 'start777', 'end777', 'time777'),
(778, 'start778', 'end778', 'time778'),
(779, 'start779', 'end779', 'time779'),
(780, 'start780', 'end780', 'time780'),
(781, 'start781', 'end781', 'time781'),
(782, 'start782', 'end782', 'time782'),
(783, 'start783', 'end783', 'time783'),
(784, 'start784', 'end784', 'time784'),
(785, 'start785', 'end785', 'time785'),
(786, 'start786', 'end786', 'time786'),
(787, 'start787', 'end787', 'time787'),
(788, 'start788', 'end788', 'time788'),
(789, 'start789', 'end789', 'time789'),
(790, 'start790', 'end790', 'time790'),
(791, 'start791', 'end791', 'time791'),
(792, 'start792', 'end792', 'time792'),
(793, 'start793', 'end793', 'time793'),
(794, 'start794', 'end794', 'time794'),
(795, 'start795', 'end795', 'time795'),
(796, 'start796', 'end796', 'time796'),
(797, 'start797', 'end797', 'time797'),
(798, 'start798', 'end798', 'time798'),
(799, 'start799', 'end799', 'time799'),
(800, 'start800', 'end800', 'time800'),
(801, 'start801', 'end801', 'time801'),
(802, 'start802', 'end802', 'time802'),
(803, 'start803', 'end803', 'time803'),
(804, 'start804', 'end804', 'time804'),
(805, 'start805', 'end805', 'time805'),
(806, 'start806', 'end806', 'time806'),
(807, 'start807', 'end807', 'time807'),
(808, 'start808', 'end808', 'time808'),
(809, 'start809', 'end809', 'time809'),
(810, 'start810', 'end810', 'time810'),
(811, 'start811', 'end811', 'time811'),
(812, 'start812', 'end812', 'time812'),
(813, 'start813', 'end813', 'time813'),
(814, 'start814', 'end814', 'time814'),
(815, 'start815', 'end815', 'time815'),
(816, 'start816', 'end816', 'time816'),
(817, 'start817', 'end817', 'time817'),
(818, 'start818', 'end818', 'time818'),
(819, 'start819', 'end819', 'time819'),
(820, 'start820', 'end820', 'time820'),
(821, 'start821', 'end821', 'time821'),
(822, 'start822', 'end822', 'time822'),
(823, 'start823', 'end823', 'time823'),
(824, 'start824', 'end824', 'time824'),
(825, 'start825', 'end825', 'time825'),
(826, 'start826', 'end826', 'time826'),
(827, 'start827', 'end827', 'time827'),
(828, 'start828', 'end828', 'time828'),
(829, 'start829', 'end829', 'time829'),
(830, 'start830', 'end830', 'time830'),
(831, 'start831', 'end831', 'time831'),
(832, 'start832', 'end832', 'time832'),
(833, 'start833', 'end833', 'time833'),
(834, 'start834', 'end834', 'time834'),
(835, 'start835', 'end835', 'time835'),
(836, 'start836', 'end836', 'time836'),
(837, 'start837', 'end837', 'time837'),
(838, 'start838', 'end838', 'time838'),
(839, 'start839', 'end839', 'time839'),
(840, 'start840', 'end840', 'time840'),
(841, 'start841', 'end841', 'time841'),
(842, 'start842', 'end842', 'time842'),
(843, 'start843', 'end843', 'time843'),
(844, 'start844', 'end844', 'time844'),
(845, 'start845', 'end845', 'time845'),
(846, 'start846', 'end846', 'time846'),
(847, 'start847', 'end847', 'time847'),
(848, 'start848', 'end848', 'time848'),
(849, 'start849', 'end849', 'time849'),
(850, 'start850', 'end850', 'time850'),
(851, 'start851', 'end851', 'time851'),
(852, 'start852', 'end852', 'time852'),
(853, 'start853', 'end853', 'time853'),
(854, 'start854', 'end854', 'time854'),
(855, 'start855', 'end855', 'time855'),
(856, 'start856', 'end856', 'time856'),
(857, 'start857', 'end857', 'time857'),
(858, 'start858', 'end858', 'time858'),
(859, 'start859', 'end859', 'time859'),
(860, 'start860', 'end860', 'time860'),
(861, 'start861', 'end861', 'time861'),
(862, 'start862', 'end862', 'time862'),
(863, 'start863', 'end863', 'time863'),
(864, 'start864', 'end864', 'time864'),
(865, 'start865', 'end865', 'time865'),
(866, 'start866', 'end866', 'time866'),
(867, 'start867', 'end867', 'time867'),
(868, 'start868', 'end868', 'time868'),
(869, 'start869', 'end869', 'time869'),
(870, 'start870', 'end870', 'time870'),
(871, 'start871', 'end871', 'time871'),
(872, 'start872', 'end872', 'time872'),
(873, 'start873', 'end873', 'time873'),
(874, 'start874', 'end874', 'time874'),
(875, 'start875', 'end875', 'time875'),
(876, 'start876', 'end876', 'time876'),
(877, 'start877', 'end877', 'time877'),
(878, 'start878', 'end878', 'time878'),
(879, 'start879', 'end879', 'time879'),
(880, 'start880', 'end880', 'time880'),
(881, 'start881', 'end881', 'time881'),
(882, 'start882', 'end882', 'time882'),
(883, 'start883', 'end883', 'time883'),
(884, 'start884', 'end884', 'time884'),
(885, 'start885', 'end885', 'time885'),
(886, 'start886', 'end886', 'time886'),
(887, 'start887', 'end887', 'time887'),
(888, 'start888', 'end888', 'time888'),
(889, 'start889', 'end889', 'time889'),
(890, 'start890', 'end890', 'time890'),
(891, 'start891', 'end891', 'time891'),
(892, 'start892', 'end892', 'time892'),
(893, 'start893', 'end893', 'time893'),
(894, 'start894', 'end894', 'time894'),
(895, 'start895', 'end895', 'time895'),
(896, 'start896', 'end896', 'time896'),
(897, 'start897', 'end897', 'time897'),
(898, 'start898', 'end898', 'time898'),
(899, 'start899', 'end899', 'time899'),
(900, 'start900', 'end900', 'time900'),
(901, 'start901', 'end901', 'time901'),
(902, 'start902', 'end902', 'time902'),
(903, 'start903', 'end903', 'time903'),
(904, 'start904', 'end904', 'time904'),
(905, 'start905', 'end905', 'time905'),
(906, 'start906', 'end906', 'time906'),
(907, 'start907', 'end907', 'time907'),
(908, 'start908', 'end908', 'time908'),
(909, 'start909', 'end909', 'time909'),
(910, 'start910', 'end910', 'time910'),
(911, 'start911', 'end911', 'time911'),
(912, 'start912', 'end912', 'time912'),
(913, 'start913', 'end913', 'time913'),
(914, 'start914', 'end914', 'time914'),
(915, 'start915', 'end915', 'time915'),
(916, 'start916', 'end916', 'time916'),
(917, 'start917', 'end917', 'time917'),
(918, 'start918', 'end918', 'time918'),
(919, 'start919', 'end919', 'time919'),
(920, 'start920', 'end920', 'time920'),
(921, 'start921', 'end921', 'time921'),
(922, 'start922', 'end922', 'time922'),
(923, 'start923', 'end923', 'time923'),
(924, 'start924', 'end924', 'time924'),
(925, 'start925', 'end925', 'time925'),
(926, 'start926', 'end926', 'time926'),
(927, 'start927', 'end927', 'time927'),
(928, 'start928', 'end928', 'time928'),
(929, 'start929', 'end929', 'time929'),
(930, 'start930', 'end930', 'time930'),
(931, 'start931', 'end931', 'time931'),
(932, 'start932', 'end932', 'time932'),
(933, 'start933', 'end933', 'time933'),
(934, 'start934', 'end934', 'time934'),
(935, 'start935', 'end935', 'time935'),
(936, 'start936', 'end936', 'time936'),
(937, 'start937', 'end937', 'time937'),
(938, 'start938', 'end938', 'time938'),
(939, 'start939', 'end939', 'time939'),
(940, 'start940', 'end940', 'time940'),
(941, 'start941', 'end941', 'time941'),
(942, 'start942', 'end942', 'time942'),
(943, 'start943', 'end943', 'time943'),
(944, 'start944', 'end944', 'time944'),
(945, 'start945', 'end945', 'time945'),
(946, 'start946', 'end946', 'time946'),
(947, 'start947', 'end947', 'time947'),
(948, 'start948', 'end948', 'time948'),
(949, 'start949', 'end949', 'time949'),
(950, 'start950', 'end950', 'time950'),
(951, 'start951', 'end951', 'time951'),
(952, 'start952', 'end952', 'time952'),
(953, 'start953', 'end953', 'time953'),
(954, 'start954', 'end954', 'time954'),
(955, 'start955', 'end955', 'time955'),
(956, 'start956', 'end956', 'time956'),
(957, 'start957', 'end957', 'time957'),
(958, 'start958', 'end958', 'time958'),
(959, 'start959', 'end959', 'time959'),
(960, 'start960', 'end960', 'time960'),
(961, 'start961', 'end961', 'time961'),
(962, 'start962', 'end962', 'time962'),
(963, 'start963', 'end963', 'time963'),
(964, 'start964', 'end964', 'time964'),
(965, 'start965', 'end965', 'time965'),
(966, 'start966', 'end966', 'time966'),
(967, 'start967', 'end967', 'time967'),
(968, 'start968', 'end968', 'time968'),
(969, 'start969', 'end969', 'time969'),
(970, 'start970', 'end970', 'time970'),
(971, 'start971', 'end971', 'time971'),
(972, 'start972', 'end972', 'time972'),
(973, 'start973', 'end973', 'time973'),
(974, 'start974', 'end974', 'time974'),
(975, 'start975', 'end975', 'time975'),
(976, 'start976', 'end976', 'time976'),
(977, 'start977', 'end977', 'time977'),
(978, 'start978', 'end978', 'time978'),
(979, 'start979', 'end979', 'time979'),
(980, 'start980', 'end980', 'time980'),
(981, 'start981', 'end981', 'time981'),
(982, 'start982', 'end982', 'time982'),
(983, 'start983', 'end983', 'time983'),
(984, 'start984', 'end984', 'time984'),
(985, 'start985', 'end985', 'time985'),
(986, 'start986', 'end986', 'time986'),
(987, 'start987', 'end987', 'time987'),
(988, 'start988', 'end988', 'time988'),
(989, 'start989', 'end989', 'time989'),
(990, 'start990', 'end990', 'time990'),
(991, 'start991', 'end991', 'time991'),
(992, 'start992', 'end992', 'time992'),
(993, 'start993', 'end993', 'time993'),
(994, 'start994', 'end994', 'time994'),
(995, 'start995', 'end995', 'time995'),
(996, 'start996', 'end996', 'time996'),
(997, 'start997', 'end997', 'time997'),
(998, 'start998', 'end998', 'time998'),
(999, 'start999', 'end999', 'time999'),
(1000, 'start1000', 'end1000', 'time1000');

--
-- Dumping data for table `Flight`
--

LOCK TABLES `Flight` WRITE;
/*!40000 ALTER TABLE `Flight` DISABLE KEYS */;
/*!40000 ALTER TABLE `Flight` ENABLE KEYS */;
UNLOCK TABLES;

--
-- Table structure for table `Passenger`
--

DROP TABLE IF EXISTS `Passenger`;
/*!40101 SET @saved_cs_client     = @@character_set_client */;
/*!40101 SET character_set_client = utf8 */;
CREATE TABLE `Passenger` (
  `id` int(11) NOT NULL AUTO_INCREMENT,
  `firstname` varchar(255) NOT NULL,
  `lastname` varchar(255) NOT NULL,
  PRIMARY KEY (`id`)
) ENGINE=InnoDB DEFAULT CHARSET=latin1;
/*!40101 SET character_set_client = @saved_cs_client */;
INSERT INTO `Passenger` (`id`, `firstname`, `lastname`) VALUES
(1, 'firstname1', 'lastname1'),
(2, 'firstname2', 'lastname2'),
(3, 'firstname3', 'lastname3'),
(4, 'firstname4', 'lastname4'),
(5, 'firstname5', 'lastname5'),
(6, 'firstname6', 'lastname6'),
(7, 'firstname7', 'lastname7'),
(8, 'firstname8', 'lastname8'),
(9, 'firstname9', 'lastname9'),
(10, 'firstname10', 'lastname10'),
(11, 'firstname11', 'lastname11'),
(12, 'firstname12', 'lastname12'),
(13, 'firstname13', 'lastname13'),
(14, 'firstname14', 'lastname14'),
(15, 'firstname15', 'lastname15'),
(16, 'firstname16', 'lastname16'),
(17, 'firstname17', 'lastname17'),
(18, 'firstname18', 'lastname18'),
(19, 'firstname19', 'lastname19'),
(20, 'firstname20', 'lastname20'),
(21, 'firstname21', 'lastname21'),
(22, 'firstname22', 'lastname22'),
(23, 'firstname23', 'lastname23'),
(24, 'firstname24', 'lastname24'),
(25, 'firstname25', 'lastname25'),
(26, 'firstname26', 'lastname26'),
(27, 'firstname27', 'lastname27'),
(28, 'firstname28', 'lastname28'),
(29, 'firstname29', 'lastname29'),
(30, 'firstname30', 'lastname30'),
(31, 'firstname31', 'lastname31'),
(32, 'firstname32', 'lastname32'),
(33, 'firstname33', 'lastname33'),
(34, 'firstname34', 'lastname34'),
(35, 'firstname35', 'lastname35'),
(36, 'firstname36', 'lastname36'),
(37, 'firstname37', 'lastname37'),
(38, 'firstname38', 'lastname38'),
(39, 'firstname39', 'lastname39'),
(40, 'firstname40', 'lastname40'),
(41, 'firstname41', 'lastname41'),
(42, 'firstname42', 'lastname42'),
(43, 'firstname43', 'lastname43'),
(44, 'firstname44', 'lastname44'),
(45, 'firstname45', 'lastname45'),
(46, 'firstname46', 'lastname46'),
(47, 'firstname47', 'lastname47'),
(48, 'firstname48', 'lastname48'),
(49, 'firstname49', 'lastname49'),
(50, 'firstname50', 'lastname50'),
(51, 'firstname51', 'lastname51'),
(52, 'firstname52', 'lastname52'),
(53, 'firstname53', 'lastname53'),
(54, 'firstname54', 'lastname54'),
(55, 'firstname55', 'lastname55'),
(56, 'firstname56', 'lastname56'),
(57, 'firstname57', 'lastname57'),
(58, 'firstname58', 'lastname58'),
(59, 'firstname59', 'lastname59'),
(60, 'firstname60', 'lastname60'),
(61, 'firstname61', 'lastname61'),
(62, 'firstname62', 'lastname62'),
(63, 'firstname63', 'lastname63'),
(64, 'firstname64', 'lastname64'),
(65, 'firstname65', 'lastname65'),
(66, 'firstname66', 'lastname66'),
(67, 'firstname67', 'lastname67'),
(68, 'firstname68', 'lastname68'),
(69, 'firstname69', 'lastname69'),
(70, 'firstname70', 'lastname70'),
(71, 'firstname71', 'lastname71'),
(72, 'firstname72', 'lastname72'),
(73, 'firstname73', 'lastname73'),
(74, 'firstname74', 'lastname74'),
(75, 'firstname75', 'lastname75'),
(76, 'firstname76', 'lastname76'),
(77, 'firstname77', 'lastname77'),
(78, 'firstname78', 'lastname78'),
(79, 'firstname79', 'lastname79'),
(80, 'firstname80', 'lastname80'),
(81, 'firstname81', 'lastname81'),
(82, 'firstname82', 'lastname82'),
(83, 'firstname83', 'lastname83'),
(84, 'firstname84', 'lastname84'),
(85, 'firstname85', 'lastname85'),
(86, 'firstname86', 'lastname86'),
(87, 'firstname87', 'lastname87'),
(88, 'firstname88', 'lastname88'),
(89, 'firstname89', 'lastname89'),
(90, 'firstname90', 'lastname90'),
(91, 'firstname91', 'lastname91'),
(92, 'firstname92', 'lastname92'),
(93, 'firstname93', 'lastname93'),
(94, 'firstname94', 'lastname94'),
(95, 'firstname95', 'lastname95'),
(96, 'firstname96', 'lastname96'),
(97, 'firstname97', 'lastname97'),
(98, 'firstname98', 'lastname98'),
(99, 'firstname99', 'lastname99'),
(100, 'firstname100', 'lastname100'),
(101, 'firstname101', 'lastname101'),
(102, 'firstname102', 'lastname102'),
(103, 'firstname103', 'lastname103'),
(104, 'firstname104', 'lastname104'),
(105, 'firstname105', 'lastname105'),
(106, 'firstname106', 'lastname106'),
(107, 'firstname107', 'lastname107'),
(108, 'firstname108', 'lastname108'),
(109, 'firstname109', 'lastname109'),
(110, 'firstname110', 'lastname110'),
(111, 'firstname111', 'lastname111'),
(112, 'firstname112', 'lastname112'),
(113, 'firstname113', 'lastname113'),
(114, 'firstname114', 'lastname114'),
(115, 'firstname115', 'lastname115'),
(116, 'firstname116', 'lastname116'),
(117, 'firstname117', 'lastname117'),
(118, 'firstname118', 'lastname118'),
(119, 'firstname119', 'lastname119'),
(120, 'firstname120', 'lastname120'),
(121, 'firstname121', 'lastname121'),
(122, 'firstname122', 'lastname122'),
(123, 'firstname123', 'lastname123'),
(124, 'firstname124', 'lastname124'),
(125, 'firstname125', 'lastname125'),
(126, 'firstname126', 'lastname126'),
(127, 'firstname127', 'lastname127'),
(128, 'firstname128', 'lastname128'),
(129, 'firstname129', 'lastname129'),
(130, 'firstname130', 'lastname130'),
(131, 'firstname131', 'lastname131'),
(132, 'firstname132', 'lastname132'),
(133, 'firstname133', 'lastname133'),
(134, 'firstname134', 'lastname134'),
(135, 'firstname135', 'lastname135'),
(136, 'firstname136', 'lastname136'),
(137, 'firstname137', 'lastname137'),
(138, 'firstname138', 'lastname138'),
(139, 'firstname139', 'lastname139'),
(140, 'firstname140', 'lastname140'),
(141, 'firstname141', 'lastname141'),
(142, 'firstname142', 'lastname142'),
(143, 'firstname143', 'lastname143'),
(144, 'firstname144', 'lastname144'),
(145, 'firstname145', 'lastname145'),
(146, 'firstname146', 'lastname146'),
(147, 'firstname147', 'lastname147'),
(148, 'firstname148', 'lastname148'),
(149, 'firstname149', 'lastname149'),
(150, 'firstname150', 'lastname150'),
(151, 'firstname151', 'lastname151'),
(152, 'firstname152', 'lastname152'),
(153, 'firstname153', 'lastname153'),
(154, 'firstname154', 'lastname154'),
(155, 'firstname155', 'lastname155'),
(156, 'firstname156', 'lastname156'),
(157, 'firstname157', 'lastname157'),
(158, 'firstname158', 'lastname158'),
(159, 'firstname159', 'lastname159'),
(160, 'firstname160', 'lastname160'),
(161, 'firstname161', 'lastname161'),
(162, 'firstname162', 'lastname162'),
(163, 'firstname163', 'lastname163'),
(164, 'firstname164', 'lastname164'),
(165, 'firstname165', 'lastname165'),
(166, 'firstname166', 'lastname166'),
(167, 'firstname167', 'lastname167'),
(168, 'firstname168', 'lastname168'),
(169, 'firstname169', 'lastname169'),
(170, 'firstname170', 'lastname170'),
(171, 'firstname171', 'lastname171'),
(172, 'firstname172', 'lastname172'),
(173, 'firstname173', 'lastname173'),
(174, 'firstname174', 'lastname174'),
(175, 'firstname175', 'lastname175'),
(176, 'firstname176', 'lastname176'),
(177, 'firstname177', 'lastname177'),
(178, 'firstname178', 'lastname178'),
(179, 'firstname179', 'lastname179'),
(180, 'firstname180', 'lastname180'),
(181, 'firstname181', 'lastname181'),
(182, 'firstname182', 'lastname182'),
(183, 'firstname183', 'lastname183'),
(184, 'firstname184', 'lastname184'),
(185, 'firstname185', 'lastname185'),
(186, 'firstname186', 'lastname186'),
(187, 'firstname187', 'lastname187'),
(188, 'firstname188', 'lastname188'),
(189, 'firstname189', 'lastname189'),
(190, 'firstname190', 'lastname190'),
(191, 'firstname191', 'lastname191'),
(192, 'firstname192', 'lastname192'),
(193, 'firstname193', 'lastname193'),
(194, 'firstname194', 'lastname194'),
(195, 'firstname195', 'lastname195'),
(196, 'firstname196', 'lastname196'),
(197, 'firstname197', 'lastname197'),
(198, 'firstname198', 'lastname198'),
(199, 'firstname199', 'lastname199'),
(200, 'firstname200', 'lastname200'),
(201, 'firstname201', 'lastname201'),
(202, 'firstname202', 'lastname202'),
(203, 'firstname203', 'lastname203'),
(204, 'firstname204', 'lastname204'),
(205, 'firstname205', 'lastname205'),
(206, 'firstname206', 'lastname206'),
(207, 'firstname207', 'lastname207'),
(208, 'firstname208', 'lastname208'),
(209, 'firstname209', 'lastname209'),
(210, 'firstname210', 'lastname210'),
(211, 'firstname211', 'lastname211'),
(212, 'firstname212', 'lastname212'),
(213, 'firstname213', 'lastname213'),
(214, 'firstname214', 'lastname214'),
(215, 'firstname215', 'lastname215'),
(216, 'firstname216', 'lastname216'),
(217, 'firstname217', 'lastname217'),
(218, 'firstname218', 'lastname218'),
(219, 'firstname219', 'lastname219'),
(220, 'firstname220', 'lastname220'),
(221, 'firstname221', 'lastname221'),
(222, 'firstname222', 'lastname222'),
(223, 'firstname223', 'lastname223'),
(224, 'firstname224', 'lastname224'),
(225, 'firstname225', 'lastname225'),
(226, 'firstname226', 'lastname226'),
(227, 'firstname227', 'lastname227'),
(228, 'firstname228', 'lastname228'),
(229, 'firstname229', 'lastname229'),
(230, 'firstname230', 'lastname230'),
(231, 'firstname231', 'lastname231'),
(232, 'firstname232', 'lastname232'),
(233, 'firstname233', 'lastname233'),
(234, 'firstname234', 'lastname234'),
(235, 'firstname235', 'lastname235'),
(236, 'firstname236', 'lastname236'),
(237, 'firstname237', 'lastname237'),
(238, 'firstname238', 'lastname238'),
(239, 'firstname239', 'lastname239'),
(240, 'firstname240', 'lastname240'),
(241, 'firstname241', 'lastname241'),
(242, 'firstname242', 'lastname242'),
(243, 'firstname243', 'lastname243'),
(244, 'firstname244', 'lastname244'),
(245, 'firstname245', 'lastname245'),
(246, 'firstname246', 'lastname246'),
(247, 'firstname247', 'lastname247'),
(248, 'firstname248', 'lastname248'),
(249, 'firstname249', 'lastname249'),
(250, 'firstname250', 'lastname250'),
(251, 'firstname251', 'lastname251'),
(252, 'firstname252', 'lastname252'),
(253, 'firstname253', 'lastname253'),
(254, 'firstname254', 'lastname254'),
(255, 'firstname255', 'lastname255'),
(256, 'firstname256', 'lastname256'),
(257, 'firstname257', 'lastname257'),
(258, 'firstname258', 'lastname258'),
(259, 'firstname259', 'lastname259'),
(260, 'firstname260', 'lastname260'),
(261, 'firstname261', 'lastname261'),
(262, 'firstname262', 'lastname262'),
(263, 'firstname263', 'lastname263'),
(264, 'firstname264', 'lastname264'),
(265, 'firstname265', 'lastname265'),
(266, 'firstname266', 'lastname266'),
(267, 'firstname267', 'lastname267'),
(268, 'firstname268', 'lastname268'),
(269, 'firstname269', 'lastname269'),
(270, 'firstname270', 'lastname270'),
(271, 'firstname271', 'lastname271'),
(272, 'firstname272', 'lastname272'),
(273, 'firstname273', 'lastname273'),
(274, 'firstname274', 'lastname274'),
(275, 'firstname275', 'lastname275'),
(276, 'firstname276', 'lastname276'),
(277, 'firstname277', 'lastname277'),
(278, 'firstname278', 'lastname278'),
(279, 'firstname279', 'lastname279'),
(280, 'firstname280', 'lastname280'),
(281, 'firstname281', 'lastname281'),
(282, 'firstname282', 'lastname282'),
(283, 'firstname283', 'lastname283'),
(284, 'firstname284', 'lastname284'),
(285, 'firstname285', 'lastname285'),
(286, 'firstname286', 'lastname286'),
(287, 'firstname287', 'lastname287'),
(288, 'firstname288', 'lastname288'),
(289, 'firstname289', 'lastname289'),
(290, 'firstname290', 'lastname290'),
(291, 'firstname291', 'lastname291'),
(292, 'firstname292', 'lastname292'),
(293, 'firstname293', 'lastname293'),
(294, 'firstname294', 'lastname294'),
(295, 'firstname295', 'lastname295'),
(296, 'firstname296', 'lastname296'),
(297, 'firstname297', 'lastname297'),
(298, 'firstname298', 'lastname298'),
(299, 'firstname299', 'lastname299'),
(300, 'firstname300', 'lastname300'),
(301, 'firstname301', 'lastname301'),
(302, 'firstname302', 'lastname302'),
(303, 'firstname303', 'lastname303'),
(304, 'firstname304', 'lastname304'),
(305, 'firstname305', 'lastname305'),
(306, 'firstname306', 'lastname306'),
(307, 'firstname307', 'lastname307'),
(308, 'firstname308', 'lastname308'),
(309, 'firstname309', 'lastname309'),
(310, 'firstname310', 'lastname310'),
(311, 'firstname311', 'lastname311'),
(312, 'firstname312', 'lastname312'),
(313, 'firstname313', 'lastname313'),
(314, 'firstname314', 'lastname314'),
(315, 'firstname315', 'lastname315'),
(316, 'firstname316', 'lastname316'),
(317, 'firstname317', 'lastname317'),
(318, 'firstname318', 'lastname318'),
(319, 'firstname319', 'lastname319'),
(320, 'firstname320', 'lastname320'),
(321, 'firstname321', 'lastname321'),
(322, 'firstname322', 'lastname322'),
(323, 'firstname323', 'lastname323'),
(324, 'firstname324', 'lastname324'),
(325, 'firstname325', 'lastname325'),
(326, 'firstname326', 'lastname326'),
(327, 'firstname327', 'lastname327'),
(328, 'firstname328', 'lastname328'),
(329, 'firstname329', 'lastname329'),
(330, 'firstname330', 'lastname330'),
(331, 'firstname331', 'lastname331'),
(332, 'firstname332', 'lastname332'),
(333, 'firstname333', 'lastname333'),
(334, 'firstname334', 'lastname334'),
(335, 'firstname335', 'lastname335'),
(336, 'firstname336', 'lastname336'),
(337, 'firstname337', 'lastname337'),
(338, 'firstname338', 'lastname338'),
(339, 'firstname339', 'lastname339'),
(340, 'firstname340', 'lastname340'),
(341, 'firstname341', 'lastname341'),
(342, 'firstname342', 'lastname342'),
(343, 'firstname343', 'lastname343'),
(344, 'firstname344', 'lastname344'),
(345, 'firstname345', 'lastname345'),
(346, 'firstname346', 'lastname346'),
(347, 'firstname347', 'lastname347'),
(348, 'firstname348', 'lastname348'),
(349, 'firstname349', 'lastname349'),
(350, 'firstname350', 'lastname350'),
(351, 'firstname351', 'lastname351'),
(352, 'firstname352', 'lastname352'),
(353, 'firstname353', 'lastname353'),
(354, 'firstname354', 'lastname354'),
(355, 'firstname355', 'lastname355'),
(356, 'firstname356', 'lastname356'),
(357, 'firstname357', 'lastname357'),
(358, 'firstname358', 'lastname358'),
(359, 'firstname359', 'lastname359'),
(360, 'firstname360', 'lastname360'),
(361, 'firstname361', 'lastname361'),
(362, 'firstname362', 'lastname362'),
(363, 'firstname363', 'lastname363'),
(364, 'firstname364', 'lastname364'),
(365, 'firstname365', 'lastname365'),
(366, 'firstname366', 'lastname366'),
(367, 'firstname367', 'lastname367'),
(368, 'firstname368', 'lastname368'),
(369, 'firstname369', 'lastname369'),
(370, 'firstname370', 'lastname370'),
(371, 'firstname371', 'lastname371'),
(372, 'firstname372', 'lastname372'),
(373, 'firstname373', 'lastname373'),
(374, 'firstname374', 'lastname374'),
(375, 'firstname375', 'lastname375'),
(376, 'firstname376', 'lastname376'),
(377, 'firstname377', 'lastname377'),
(378, 'firstname378', 'lastname378'),
(379, 'firstname379', 'lastname379'),
(380, 'firstname380', 'lastname380'),
(381, 'firstname381', 'lastname381'),
(382, 'firstname382', 'lastname382'),
(383, 'firstname383', 'lastname383'),
(384, 'firstname384', 'lastname384'),
(385, 'firstname385', 'lastname385'),
(386, 'firstname386', 'lastname386'),
(387, 'firstname387', 'lastname387'),
(388, 'firstname388', 'lastname388'),
(389, 'firstname389', 'lastname389'),
(390, 'firstname390', 'lastname390'),
(391, 'firstname391', 'lastname391'),
(392, 'firstname392', 'lastname392'),
(393, 'firstname393', 'lastname393'),
(394, 'firstname394', 'lastname394'),
(395, 'firstname395', 'lastname395'),
(396, 'firstname396', 'lastname396'),
(397, 'firstname397', 'lastname397'),
(398, 'firstname398', 'lastname398'),
(399, 'firstname399', 'lastname399'),
(400, 'firstname400', 'lastname400'),
(401, 'firstname401', 'lastname401'),
(402, 'firstname402', 'lastname402'),
(403, 'firstname403', 'lastname403'),
(404, 'firstname404', 'lastname404'),
(405, 'firstname405', 'lastname405'),
(406, 'firstname406', 'lastname406'),
(407, 'firstname407', 'lastname407'),
(408, 'firstname408', 'lastname408'),
(409, 'firstname409', 'lastname409'),
(410, 'firstname410', 'lastname410'),
(411, 'firstname411', 'lastname411'),
(412, 'firstname412', 'lastname412'),
(413, 'firstname413', 'lastname413'),
(414, 'firstname414', 'lastname414'),
(415, 'firstname415', 'lastname415'),
(416, 'firstname416', 'lastname416'),
(417, 'firstname417', 'lastname417'),
(418, 'firstname418', 'lastname418'),
(419, 'firstname419', 'lastname419'),
(420, 'firstname420', 'lastname420'),
(421, 'firstname421', 'lastname421'),
(422, 'firstname422', 'lastname422'),
(423, 'firstname423', 'lastname423'),
(424, 'firstname424', 'lastname424'),
(425, 'firstname425', 'lastname425'),
(426, 'firstname426', 'lastname426'),
(427, 'firstname427', 'lastname427'),
(428, 'firstname428', 'lastname428'),
(429, 'firstname429', 'lastname429'),
(430, 'firstname430', 'lastname430'),
(431, 'firstname431', 'lastname431'),
(432, 'firstname432', 'lastname432'),
(433, 'firstname433', 'lastname433'),
(434, 'firstname434', 'lastname434'),
(435, 'firstname435', 'lastname435'),
(436, 'firstname436', 'lastname436'),
(437, 'firstname437', 'lastname437'),
(438, 'firstname438', 'lastname438'),
(439, 'firstname439', 'lastname439'),
(440, 'firstname440', 'lastname440'),
(441, 'firstname441', 'lastname441'),
(442, 'firstname442', 'lastname442'),
(443, 'firstname443', 'lastname443'),
(444, 'firstname444', 'lastname444'),
(445, 'firstname445', 'lastname445'),
(446, 'firstname446', 'lastname446'),
(447, 'firstname447', 'lastname447'),
(448, 'firstname448', 'lastname448'),
(449, 'firstname449', 'lastname449'),
(450, 'firstname450', 'lastname450'),
(451, 'firstname451', 'lastname451'),
(452, 'firstname452', 'lastname452'),
(453, 'firstname453', 'lastname453'),
(454, 'firstname454', 'lastname454'),
(455, 'firstname455', 'lastname455'),
(456, 'firstname456', 'lastname456'),
(457, 'firstname457', 'lastname457'),
(458, 'firstname458', 'lastname458'),
(459, 'firstname459', 'lastname459'),
(460, 'firstname460', 'lastname460'),
(461, 'firstname461', 'lastname461'),
(462, 'firstname462', 'lastname462'),
(463, 'firstname463', 'lastname463'),
(464, 'firstname464', 'lastname464'),
(465, 'firstname465', 'lastname465'),
(466, 'firstname466', 'lastname466'),
(467, 'firstname467', 'lastname467'),
(468, 'firstname468', 'lastname468'),
(469, 'firstname469', 'lastname469'),
(470, 'firstname470', 'lastname470'),
(471, 'firstname471', 'lastname471'),
(472, 'firstname472', 'lastname472'),
(473, 'firstname473', 'lastname473'),
(474, 'firstname474', 'lastname474'),
(475, 'firstname475', 'lastname475'),
(476, 'firstname476', 'lastname476'),
(477, 'firstname477', 'lastname477'),
(478, 'firstname478', 'lastname478'),
(479, 'firstname479', 'lastname479'),
(480, 'firstname480', 'lastname480'),
(481, 'firstname481', 'lastname481'),
(482, 'firstname482', 'lastname482'),
(483, 'firstname483', 'lastname483'),
(484, 'firstname484', 'lastname484'),
(485, 'firstname485', 'lastname485'),
(486, 'firstname486', 'lastname486'),
(487, 'firstname487', 'lastname487'),
(488, 'firstname488', 'lastname488'),
(489, 'firstname489', 'lastname489'),
(490, 'firstname490', 'lastname490'),
(491, 'firstname491', 'lastname491'),
(492, 'firstname492', 'lastname492'),
(493, 'firstname493', 'lastname493'),
(494, 'firstname494', 'lastname494'),
(495, 'firstname495', 'lastname495'),
(496, 'firstname496', 'lastname496'),
(497, 'firstname497', 'lastname497'),
(498, 'firstname498', 'lastname498'),
(499, 'firstname499', 'lastname499'),
(500, 'firstname500', 'lastname500'),
(501, 'firstname501', 'lastname501'),
(502, 'firstname502', 'lastname502'),
(503, 'firstname503', 'lastname503'),
(504, 'firstname504', 'lastname504'),
(505, 'firstname505', 'lastname505'),
(506, 'firstname506', 'lastname506'),
(507, 'firstname507', 'lastname507'),
(508, 'firstname508', 'lastname508'),
(509, 'firstname509', 'lastname509'),
(510, 'firstname510', 'lastname510'),
(511, 'firstname511', 'lastname511'),
(512, 'firstname512', 'lastname512'),
(513, 'firstname513', 'lastname513'),
(514, 'firstname514', 'lastname514'),
(515, 'firstname515', 'lastname515'),
(516, 'firstname516', 'lastname516'),
(517, 'firstname517', 'lastname517'),
(518, 'firstname518', 'lastname518'),
(519, 'firstname519', 'lastname519'),
(520, 'firstname520', 'lastname520'),
(521, 'firstname521', 'lastname521'),
(522, 'firstname522', 'lastname522'),
(523, 'firstname523', 'lastname523'),
(524, 'firstname524', 'lastname524'),
(525, 'firstname525', 'lastname525'),
(526, 'firstname526', 'lastname526'),
(527, 'firstname527', 'lastname527'),
(528, 'firstname528', 'lastname528'),
(529, 'firstname529', 'lastname529'),
(530, 'firstname530', 'lastname530'),
(531, 'firstname531', 'lastname531'),
(532, 'firstname532', 'lastname532'),
(533, 'firstname533', 'lastname533'),
(534, 'firstname534', 'lastname534'),
(535, 'firstname535', 'lastname535'),
(536, 'firstname536', 'lastname536'),
(537, 'firstname537', 'lastname537'),
(538, 'firstname538', 'lastname538'),
(539, 'firstname539', 'lastname539'),
(540, 'firstname540', 'lastname540'),
(541, 'firstname541', 'lastname541'),
(542, 'firstname542', 'lastname542'),
(543, 'firstname543', 'lastname543'),
(544, 'firstname544', 'lastname544'),
(545, 'firstname545', 'lastname545'),
(546, 'firstname546', 'lastname546'),
(547, 'firstname547', 'lastname547'),
(548, 'firstname548', 'lastname548'),
(549, 'firstname549', 'lastname549'),
(550, 'firstname550', 'lastname550'),
(551, 'firstname551', 'lastname551'),
(552, 'firstname552', 'lastname552'),
(553, 'firstname553', 'lastname553'),
(554, 'firstname554', 'lastname554'),
(555, 'firstname555', 'lastname555'),
(556, 'firstname556', 'lastname556'),
(557, 'firstname557', 'lastname557'),
(558, 'firstname558', 'lastname558'),
(559, 'firstname559', 'lastname559'),
(560, 'firstname560', 'lastname560'),
(561, 'firstname561', 'lastname561'),
(562, 'firstname562', 'lastname562'),
(563, 'firstname563', 'lastname563'),
(564, 'firstname564', 'lastname564'),
(565, 'firstname565', 'lastname565'),
(566, 'firstname566', 'lastname566'),
(567, 'firstname567', 'lastname567'),
(568, 'firstname568', 'lastname568'),
(569, 'firstname569', 'lastname569'),
(570, 'firstname570', 'lastname570'),
(571, 'firstname571', 'lastname571'),
(572, 'firstname572', 'lastname572'),
(573, 'firstname573', 'lastname573'),
(574, 'firstname574', 'lastname574'),
(575, 'firstname575', 'lastname575'),
(576, 'firstname576', 'lastname576'),
(577, 'firstname577', 'lastname577'),
(578, 'firstname578', 'lastname578'),
(579, 'firstname579', 'lastname579'),
(580, 'firstname580', 'lastname580'),
(581, 'firstname581', 'lastname581'),
(582, 'firstname582', 'lastname582'),
(583, 'firstname583', 'lastname583'),
(584, 'firstname584', 'lastname584'),
(585, 'firstname585', 'lastname585'),
(586, 'firstname586', 'lastname586'),
(587, 'firstname587', 'lastname587'),
(588, 'firstname588', 'lastname588'),
(589, 'firstname589', 'lastname589'),
(590, 'firstname590', 'lastname590'),
(591, 'firstname591', 'lastname591'),
(592, 'firstname592', 'lastname592'),
(593, 'firstname593', 'lastname593'),
(594, 'firstname594', 'lastname594'),
(595, 'firstname595', 'lastname595'),
(596, 'firstname596', 'lastname596'),
(597, 'firstname597', 'lastname597'),
(598, 'firstname598', 'lastname598'),
(599, 'firstname599', 'lastname599'),
(600, 'firstname600', 'lastname600'),
(601, 'firstname601', 'lastname601'),
(602, 'firstname602', 'lastname602'),
(603, 'firstname603', 'lastname603'),
(604, 'firstname604', 'lastname604'),
(605, 'firstname605', 'lastname605'),
(606, 'firstname606', 'lastname606'),
(607, 'firstname607', 'lastname607'),
(608, 'firstname608', 'lastname608'),
(609, 'firstname609', 'lastname609'),
(610, 'firstname610', 'lastname610'),
(611, 'firstname611', 'lastname611'),
(612, 'firstname612', 'lastname612'),
(613, 'firstname613', 'lastname613'),
(614, 'firstname614', 'lastname614'),
(615, 'firstname615', 'lastname615'),
(616, 'firstname616', 'lastname616'),
(617, 'firstname617', 'lastname617'),
(618, 'firstname618', 'lastname618'),
(619, 'firstname619', 'lastname619'),
(620, 'firstname620', 'lastname620'),
(621, 'firstname621', 'lastname621'),
(622, 'firstname622', 'lastname622'),
(623, 'firstname623', 'lastname623'),
(624, 'firstname624', 'lastname624'),
(625, 'firstname625', 'lastname625'),
(626, 'firstname626', 'lastname626'),
(627, 'firstname627', 'lastname627'),
(628, 'firstname628', 'lastname628'),
(629, 'firstname629', 'lastname629'),
(630, 'firstname630', 'lastname630'),
(631, 'firstname631', 'lastname631'),
(632, 'firstname632', 'lastname632'),
(633, 'firstname633', 'lastname633'),
(634, 'firstname634', 'lastname634'),
(635, 'firstname635', 'lastname635'),
(636, 'firstname636', 'lastname636'),
(637, 'firstname637', 'lastname637'),
(638, 'firstname638', 'lastname638'),
(639, 'firstname639', 'lastname639'),
(640, 'firstname640', 'lastname640'),
(641, 'firstname641', 'lastname641'),
(642, 'firstname642', 'lastname642'),
(643, 'firstname643', 'lastname643'),
(644, 'firstname644', 'lastname644'),
(645, 'firstname645', 'lastname645'),
(646, 'firstname646', 'lastname646'),
(647, 'firstname647', 'lastname647'),
(648, 'firstname648', 'lastname648'),
(649, 'firstname649', 'lastname649'),
(650, 'firstname650', 'lastname650'),
(651, 'firstname651', 'lastname651'),
(652, 'firstname652', 'lastname652'),
(653, 'firstname653', 'lastname653'),
(654, 'firstname654', 'lastname654'),
(655, 'firstname655', 'lastname655'),
(656, 'firstname656', 'lastname656'),
(657, 'firstname657', 'lastname657'),
(658, 'firstname658', 'lastname658'),
(659, 'firstname659', 'lastname659'),
(660, 'firstname660', 'lastname660'),
(661, 'firstname661', 'lastname661'),
(662, 'firstname662', 'lastname662'),
(663, 'firstname663', 'lastname663'),
(664, 'firstname664', 'lastname664'),
(665, 'firstname665', 'lastname665'),
(666, 'firstname666', 'lastname666'),
(667, 'firstname667', 'lastname667'),
(668, 'firstname668', 'lastname668'),
(669, 'firstname669', 'lastname669'),
(670, 'firstname670', 'lastname670'),
(671, 'firstname671', 'lastname671'),
(672, 'firstname672', 'lastname672'),
(673, 'firstname673', 'lastname673'),
(674, 'firstname674', 'lastname674'),
(675, 'firstname675', 'lastname675'),
(676, 'firstname676', 'lastname676'),
(677, 'firstname677', 'lastname677'),
(678, 'firstname678', 'lastname678'),
(679, 'firstname679', 'lastname679'),
(680, 'firstname680', 'lastname680'),
(681, 'firstname681', 'lastname681'),
(682, 'firstname682', 'lastname682'),
(683, 'firstname683', 'lastname683'),
(684, 'firstname684', 'lastname684'),
(685, 'firstname685', 'lastname685'),
(686, 'firstname686', 'lastname686'),
(687, 'firstname687', 'lastname687'),
(688, 'firstname688', 'lastname688'),
(689, 'firstname689', 'lastname689'),
(690, 'firstname690', 'lastname690'),
(691, 'firstname691', 'lastname691'),
(692, 'firstname692', 'lastname692'),
(693, 'firstname693', 'lastname693'),
(694, 'firstname694', 'lastname694'),
(695, 'firstname695', 'lastname695'),
(696, 'firstname696', 'lastname696'),
(697, 'firstname697', 'lastname697'),
(698, 'firstname698', 'lastname698'),
(699, 'firstname699', 'lastname699'),
(700, 'firstname700', 'lastname700'),
(701, 'firstname701', 'lastname701'),
(702, 'firstname702', 'lastname702'),
(703, 'firstname703', 'lastname703'),
(704, 'firstname704', 'lastname704'),
(705, 'firstname705', 'lastname705'),
(706, 'firstname706', 'lastname706'),
(707, 'firstname707', 'lastname707'),
(708, 'firstname708', 'lastname708'),
(709, 'firstname709', 'lastname709'),
(710, 'firstname710', 'lastname710'),
(711, 'firstname711', 'lastname711'),
(712, 'firstname712', 'lastname712'),
(713, 'firstname713', 'lastname713'),
(714, 'firstname714', 'lastname714'),
(715, 'firstname715', 'lastname715'),
(716, 'firstname716', 'lastname716'),
(717, 'firstname717', 'lastname717'),
(718, 'firstname718', 'lastname718'),
(719, 'firstname719', 'lastname719'),
(720, 'firstname720', 'lastname720'),
(721, 'firstname721', 'lastname721'),
(722, 'firstname722', 'lastname722'),
(723, 'firstname723', 'lastname723'),
(724, 'firstname724', 'lastname724'),
(725, 'firstname725', 'lastname725'),
(726, 'firstname726', 'lastname726'),
(727, 'firstname727', 'lastname727'),
(728, 'firstname728', 'lastname728'),
(729, 'firstname729', 'lastname729'),
(730, 'firstname730', 'lastname730'),
(731, 'firstname731', 'lastname731'),
(732, 'firstname732', 'lastname732'),
(733, 'firstname733', 'lastname733'),
(734, 'firstname734', 'lastname734'),
(735, 'firstname735', 'lastname735'),
(736, 'firstname736', 'lastname736'),
(737, 'firstname737', 'lastname737'),
(738, 'firstname738', 'lastname738'),
(739, 'firstname739', 'lastname739'),
(740, 'firstname740', 'lastname740'),
(741, 'firstname741', 'lastname741'),
(742, 'firstname742', 'lastname742'),
(743, 'firstname743', 'lastname743'),
(744, 'firstname744', 'lastname744'),
(745, 'firstname745', 'lastname745'),
(746, 'firstname746', 'lastname746'),
(747, 'firstname747', 'lastname747'),
(748, 'firstname748', 'lastname748'),
(749, 'firstname749', 'lastname749'),
(750, 'firstname750', 'lastname750'),
(751, 'firstname751', 'lastname751'),
(752, 'firstname752', 'lastname752'),
(753, 'firstname753', 'lastname753'),
(754, 'firstname754', 'lastname754'),
(755, 'firstname755', 'lastname755'),
(756, 'firstname756', 'lastname756'),
(757, 'firstname757', 'lastname757'),
(758, 'firstname758', 'lastname758'),
(759, 'firstname759', 'lastname759'),
(760, 'firstname760', 'lastname760'),
(761, 'firstname761', 'lastname761'),
(762, 'firstname762', 'lastname762'),
(763, 'firstname763', 'lastname763'),
(764, 'firstname764', 'lastname764'),
(765, 'firstname765', 'lastname765'),
(766, 'firstname766', 'lastname766'),
(767, 'firstname767', 'lastname767'),
(768, 'firstname768', 'lastname768'),
(769, 'firstname769', 'lastname769'),
(770, 'firstname770', 'lastname770'),
(771, 'firstname771', 'lastname771'),
(772, 'firstname772', 'lastname772'),
(773, 'firstname773', 'lastname773'),
(774, 'firstname774', 'lastname774'),
(775, 'firstname775', 'lastname775'),
(776, 'firstname776', 'lastname776'),
(777, 'firstname777', 'lastname777'),
(778, 'firstname778', 'lastname778'),
(779, 'firstname779', 'lastname779'),
(780, 'firstname780', 'lastname780'),
(781, 'firstname781', 'lastname781'),
(782, 'firstname782', 'lastname782'),
(783, 'firstname783', 'lastname783'),
(784, 'firstname784', 'lastname784'),
(785, 'firstname785', 'lastname785'),
(786, 'firstname786', 'lastname786'),
(787, 'firstname787', 'lastname787'),
(788, 'firstname788', 'lastname788'),
(789, 'firstname789', 'lastname789'),
(790, 'firstname790', 'lastname790'),
(791, 'firstname791', 'lastname791'),
(792, 'firstname792', 'lastname792'),
(793, 'firstname793', 'lastname793'),
(794, 'firstname794', 'lastname794'),
(795, 'firstname795', 'lastname795'),
(796, 'firstname796', 'lastname796'),
(797, 'firstname797', 'lastname797'),
(798, 'firstname798', 'lastname798'),
(799, 'firstname799', 'lastname799'),
(800, 'firstname800', 'lastname800'),
(801, 'firstname801', 'lastname801'),
(802, 'firstname802', 'lastname802'),
(803, 'firstname803', 'lastname803'),
(804, 'firstname804', 'lastname804'),
(805, 'firstname805', 'lastname805'),
(806, 'firstname806', 'lastname806'),
(807, 'firstname807', 'lastname807'),
(808, 'firstname808', 'lastname808'),
(809, 'firstname809', 'lastname809'),
(810, 'firstname810', 'lastname810'),
(811, 'firstname811', 'lastname811'),
(812, 'firstname812', 'lastname812'),
(813, 'firstname813', 'lastname813'),
(814, 'firstname814', 'lastname814'),
(815, 'firstname815', 'lastname815'),
(816, 'firstname816', 'lastname816'),
(817, 'firstname817', 'lastname817'),
(818, 'firstname818', 'lastname818'),
(819, 'firstname819', 'lastname819'),
(820, 'firstname820', 'lastname820'),
(821, 'firstname821', 'lastname821'),
(822, 'firstname822', 'lastname822'),
(823, 'firstname823', 'lastname823'),
(824, 'firstname824', 'lastname824'),
(825, 'firstname825', 'lastname825'),
(826, 'firstname826', 'lastname826'),
(827, 'firstname827', 'lastname827'),
(828, 'firstname828', 'lastname828'),
(829, 'firstname829', 'lastname829'),
(830, 'firstname830', 'lastname830'),
(831, 'firstname831', 'lastname831'),
(832, 'firstname832', 'lastname832'),
(833, 'firstname833', 'lastname833'),
(834, 'firstname834', 'lastname834'),
(835, 'firstname835', 'lastname835'),
(836, 'firstname836', 'lastname836'),
(837, 'firstname837', 'lastname837'),
(838, 'firstname838', 'lastname838'),
(839, 'firstname839', 'lastname839'),
(840, 'firstname840', 'lastname840'),
(841, 'firstname841', 'lastname841'),
(842, 'firstname842', 'lastname842'),
(843, 'firstname843', 'lastname843'),
(844, 'firstname844', 'lastname844'),
(845, 'firstname845', 'lastname845'),
(846, 'firstname846', 'lastname846'),
(847, 'firstname847', 'lastname847'),
(848, 'firstname848', 'lastname848'),
(849, 'firstname849', 'lastname849'),
(850, 'firstname850', 'lastname850'),
(851, 'firstname851', 'lastname851'),
(852, 'firstname852', 'lastname852'),
(853, 'firstname853', 'lastname853'),
(854, 'firstname854', 'lastname854'),
(855, 'firstname855', 'lastname855'),
(856, 'firstname856', 'lastname856'),
(857, 'firstname857', 'lastname857'),
(858, 'firstname858', 'lastname858'),
(859, 'firstname859', 'lastname859'),
(860, 'firstname860', 'lastname860'),
(861, 'firstname861', 'lastname861'),
(862, 'firstname862', 'lastname862'),
(863, 'firstname863', 'lastname863'),
(864, 'firstname864', 'lastname864'),
(865, 'firstname865', 'lastname865'),
(866, 'firstname866', 'lastname866'),
(867, 'firstname867', 'lastname867'),
(868, 'firstname868', 'lastname868'),
(869, 'firstname869', 'lastname869'),
(870, 'firstname870', 'lastname870'),
(871, 'firstname871', 'lastname871'),
(872, 'firstname872', 'lastname872'),
(873, 'firstname873', 'lastname873'),
(874, 'firstname874', 'lastname874'),
(875, 'firstname875', 'lastname875'),
(876, 'firstname876', 'lastname876'),
(877, 'firstname877', 'lastname877'),
(878, 'firstname878', 'lastname878'),
(879, 'firstname879', 'lastname879'),
(880, 'firstname880', 'lastname880'),
(881, 'firstname881', 'lastname881'),
(882, 'firstname882', 'lastname882'),
(883, 'firstname883', 'lastname883'),
(884, 'firstname884', 'lastname884'),
(885, 'firstname885', 'lastname885'),
(886, 'firstname886', 'lastname886'),
(887, 'firstname887', 'lastname887'),
(888, 'firstname888', 'lastname888'),
(889, 'firstname889', 'lastname889'),
(890, 'firstname890', 'lastname890'),
(891, 'firstname891', 'lastname891'),
(892, 'firstname892', 'lastname892'),
(893, 'firstname893', 'lastname893'),
(894, 'firstname894', 'lastname894'),
(895, 'firstname895', 'lastname895'),
(896, 'firstname896', 'lastname896'),
(897, 'firstname897', 'lastname897'),
(898, 'firstname898', 'lastname898'),
(899, 'firstname899', 'lastname899'),
(900, 'firstname900', 'lastname900'),
(901, 'firstname901', 'lastname901'),
(902, 'firstname902', 'lastname902'),
(903, 'firstname903', 'lastname903'),
(904, 'firstname904', 'lastname904'),
(905, 'firstname905', 'lastname905'),
(906, 'firstname906', 'lastname906'),
(907, 'firstname907', 'lastname907'),
(908, 'firstname908', 'lastname908'),
(909, 'firstname909', 'lastname909'),
(910, 'firstname910', 'lastname910'),
(911, 'firstname911', 'lastname911'),
(912, 'firstname912', 'lastname912'),
(913, 'firstname913', 'lastname913'),
(914, 'firstname914', 'lastname914'),
(915, 'firstname915', 'lastname915'),
(916, 'firstname916', 'lastname916'),
(917, 'firstname917', 'lastname917'),
(918, 'firstname918', 'lastname918'),
(919, 'firstname919', 'lastname919'),
(920, 'firstname920', 'lastname920'),
(921, 'firstname921', 'lastname921'),
(922, 'firstname922', 'lastname922'),
(923, 'firstname923', 'lastname923'),
(924, 'firstname924', 'lastname924'),
(925, 'firstname925', 'lastname925'),
(926, 'firstname926', 'lastname926'),
(927, 'firstname927', 'lastname927'),
(928, 'firstname928', 'lastname928'),
(929, 'firstname929', 'lastname929'),
(930, 'firstname930', 'lastname930'),
(931, 'firstname931', 'lastname931'),
(932, 'firstname932', 'lastname932'),
(933, 'firstname933', 'lastname933'),
(934, 'firstname934', 'lastname934'),
(935, 'firstname935', 'lastname935'),
(936, 'firstname936', 'lastname936'),
(937, 'firstname937', 'lastname937'),
(938, 'firstname938', 'lastname938'),
(939, 'firstname939', 'lastname939'),
(940, 'firstname940', 'lastname940'),
(941, 'firstname941', 'lastname941'),
(942, 'firstname942', 'lastname942'),
(943, 'firstname943', 'lastname943'),
(944, 'firstname944', 'lastname944'),
(945, 'firstname945', 'lastname945'),
(946, 'firstname946', 'lastname946'),
(947, 'firstname947', 'lastname947'),
(948, 'firstname948', 'lastname948'),
(949, 'firstname949', 'lastname949'),
(950, 'firstname950', 'lastname950'),
(951, 'firstname951', 'lastname951'),
(952, 'firstname952', 'lastname952'),
(953, 'firstname953', 'lastname953'),
(954, 'firstname954', 'lastname954'),
(955, 'firstname955', 'lastname955'),
(956, 'firstname956', 'lastname956'),
(957, 'firstname957', 'lastname957'),
(958, 'firstname958', 'lastname958'),
(959, 'firstname959', 'lastname959'),
(960, 'firstname960', 'lastname960'),
(961, 'firstname961', 'lastname961'),
(962, 'firstname962', 'lastname962'),
(963, 'firstname963', 'lastname963'),
(964, 'firstname964', 'lastname964'),
(965, 'firstname965', 'lastname965'),
(966, 'firstname966', 'lastname966'),
(967, 'firstname967', 'lastname967'),
(968, 'firstname968', 'lastname968'),
(969, 'firstname969', 'lastname969'),
(970, 'firstname970', 'lastname970'),
(971, 'firstname971', 'lastname971'),
(972, 'firstname972', 'lastname972'),
(973, 'firstname973', 'lastname973'),
(974, 'firstname974', 'lastname974'),
(975, 'firstname975', 'lastname975'),
(976, 'firstname976', 'lastname976'),
(977, 'firstname977', 'lastname977'),
(978, 'firstname978', 'lastname978'),
(979, 'firstname979', 'lastname979'),
(980, 'firstname980', 'lastname980'),
(981, 'firstname981', 'lastname981'),
(982, 'firstname982', 'lastname982'),
(983, 'firstname983', 'lastname983'),
(984, 'firstname984', 'lastname984'),
(985, 'firstname985', 'lastname985'),
(986, 'firstname986', 'lastname986'),
(987, 'firstname987', 'lastname987'),
(988, 'firstname988', 'lastname988'),
(989, 'firstname989', 'lastname989'),
(990, 'firstname990', 'lastname990'),
(991, 'firstname991', 'lastname991'),
(992, 'firstname992', 'lastname992'),
(993, 'firstname993', 'lastname993'),
(994, 'firstname994', 'lastname994'),
(995, 'firstname995', 'lastname995'),
(996, 'firstname996', 'lastname996'),
(997, 'firstname997', 'lastname997'),
(998, 'firstname998', 'lastname998'),
(999, 'firstname999', 'lastname999'),
(1000, 'firstname1000', 'lastname1000');

--
-- Dumping data for table `Passenger`
--

LOCK TABLES `Passenger` WRITE;
/*!40000 ALTER TABLE `Passenger` DISABLE KEYS */;
/*!40000 ALTER TABLE `Passenger` ENABLE KEYS */;
UNLOCK TABLES;
/*!40103 SET TIME_ZONE=@OLD_TIME_ZONE */;

/*!40101 SET SQL_MODE=@OLD_SQL_MODE */;
/*!40014 SET FOREIGN_KEY_CHECKS=@OLD_FOREIGN_KEY_CHECKS */;
/*!40014 SET UNIQUE_CHECKS=@OLD_UNIQUE_CHECKS */;
/*!40101 SET CHARACTER_SET_CLIENT=@OLD_CHARACTER_SET_CLIENT */;
/*!40101 SET CHARACTER_SET_RESULTS=@OLD_CHARACTER_SET_RESULTS */;
/*!40101 SET COLLATION_CONNECTION=@OLD_COLLATION_CONNECTION */;
/*!40111 SET SQL_NOTES=@OLD_SQL_NOTES */;

-- Dump completed on 2020-01-18  9:00:34

